2.1865,-1.226
5.9486,-2.3155
4.9435,-2.7735
-1.0944,1.2621
3.6613,-3.6604
0.09688,-0.65587
5.013,-1.9469
4.7511,0.71712
1.141,-1.8779
1.5838,-1.681
5.63,-0.2865
3.2516,3.9068
5.6064,0.15394
0.35551,-3.1525
-0.4656,-4.588
2.1782,0.3403
-1.5246,-3.0817
-1.0695,-2.3798
0.10834,-4.402
0.67946,1.3467
-0.56603,-2.5466
-1.036,-1.8824
3.3859,2.0386
-0.18914,-2.1502
-1.1157,2.3458
2.1197,4.7864
0.12325,-3.8755
0.014781,-4.1343
1.6525,1.3728
4.9104,-3.1108
5.036,3.0675
1.2751,-5.2918
-0.072106,-4.9008
-0.51945,-5.1249
-0.47723,2.1989
3.5585,3.0834
-0.11929,-4.0442
5.7435,-1.5029
4.0271,1.264
-1.0209,-3.6904
5.7938,2.0941
0.089631,-2.8655
2.1138,0.35752
-1.4273,-3.0664
3.0439,-0.3969
4.1821,-1.8331
-1.4195,-1.3415
1.924,-0.5338
1.1217,3.9168
5.439,2.2724
0.91415,0.48178
6.6463,0.21075
3.2072,-3.2174
-1.4867,0.84028
3.3151,-1.6791
5.4936,-2.5754
3.7676,1.4188
0.75193,-4.8726
0.36764,-5.4795
0.63636,2.927
3.2069,-2.5565
4.6948,-2.8044
-0.53746,-2.6178
5.2717,-0.17166
1.4277,1.2492
0.8254,0.66197
0.93853,-0.6824
2.2127,-0.83329
2.5013,5.2419
6.2067,1.3791
6.3042,0.0049909
0.81383,3.1661
1.0874,-5.8497
1.8024,0.94788
2.0049,0.99062
1.567,-1.8373
-0.43904,2.1162
2.3596,-0.33605
-0.19538,-4.0285
2.2813,-0.38879
0.59804,3.13
5.408,2.768
1.4185,-1.1774
-0.19704,2.1332
3.4103,1.4873
0.067034,0.11245
0.53259,-0.4808
4.2166,-3.0568
1.2624,-0.19944
1.1959,-0.21796
0.92593,-5.0795
0.28277,0.46956
-1.6475,2.0074
1.0721,0.40591
1.2209,3.5636
0.4986,0.51135
-1.3397,2.0611
2.4497,5.158
-0.83897,-4.2817
-1.4726,2.004
-1.1917,-3.9597
-0.37633,-2.1876
4.5976,-2.0041
-0.28142,-5.0876
3.8326,-3.7067
5.9004,0.39825
4.4201,2.261
5.8157,1.1423
1.4795,-1.5704
0.99474,-0.6077
1.7835,4.574
3.3427,6.0574
2.938,5.8262
2.0551,5.6889
0.45709,3.4152
4.4534,2.3713
6.241,-1.3651
5.3531,-1.2305
6.5458,-0.23116
0.21812,-0.98448
1.966,4.9785
2.9795,6.3556
0.12568,3.2511
-0.047901,-5.5172
6.4248,0.29472
5.1149,0.56457
-1.0512,-2.6738
3.8105,2.6253
-0.46348,2.5972
3.279,-1.5836
2.5547,5.0296
3.9454,3.5263
-0.044168,-4.8356
-0.94383,1.7494
-0.19859,-2.8598
2.2042,4.6606
1.7118,0.88957
1.7168,4.7292
-1.1179,1.6
1.7842,1.1768
0.17866,-4.1846
0.45772,-4.6218
5.6651,0.18274
1.5543,0.28799
0.68895,-5.5711
4.7978,-1.5798
3.999,1.7864
4.5034,-1.4092
4.8514,2.9396
5.1454,1.1601
-1.8069,1.7301
0.89459,3.2959
0.1483,0.55468
0.64151,0.27687
0.54498,-5.9538
0.28994,0.10757
5.9405,-0.7602
1.2352,1.904
1.3135,0.97543
-0.2333,-4.4688
5.9344,0.54073
0.00041425,-2.9896
1.6314,-0.20515
4.3711,-0.96139
2.5746,-0.6772
5.267,1.831
1.4993,0.76551
5.637,-1.7591
0.6115,2.9932
-1.3371,2.0222
-1.6869,-1.8664
4.3367,-1.2921
2.4192,0.69016
5.131,0.28214
1.2781,-1.5276
4.5024,-1.717
4.0006,-2.117
-1.7471,1.6335
2.22,4.6482
1.6657,4.0728
1.6318,-1.0488
4.0442,1.7887
-0.9454,1.74
1.2512,4.7752
3.8315,1.6696
6.0123,1.9652
0.88271,-5.5788
6.2896,-0.18188
1.7159,4.3642
6.129,0.16344
4.3372,0.99694
4.2,2.5134
0.4376,-0.61189
5.2198,-1.3614
2.1375,-0.036983
5.899,-1.1326
3.4057,5.9162
4.911,-0.082703
3.4971,-1.6541
3.6921,-2.8733
0.79609,4.4473
5.8354,2.1577
-0.075173,3.1827
0.83965,-1.2821
-0.68459,-3.0995
0.37346,3.0885
1.651,4.0194
3.4916,3.0533
1.1965,-5.7496
2.2484,-0.38246
4.454,1.5421
3.2967,0.023147
6.5011,-1.471
3.6293,5.9899
1.5376,-1.5019
5.0213,1.6151
-0.61367,-2.9649
1.1045,-5.7895
-0.16504,-5.5017
6.1646,0.70698
6.6337,-0.53308
5.1146,1.7579
5.9601,-0.51965
-0.51263,-2.5913
-1.5806,-2.8798
-0.26607,-3.3683
4.8726,-0.1984
-1.7949,0.62125
3.0663,6.3832
2.7635,-0.5871
-1.7725,1.027
5.5612,0.020594
4.6639,-3.2939
5.7148,-0.7989
-1.7071,0.82827
-0.32853,-5.0094
0.70466,-1.4331
0.041426,-2.8092
-1.2273,-2.9011
5.3562,0.6661
-0.22758,2.491
5.8377,2.5562
5.3359,1.3519
1.8358,1.3895
-1.4927,0.92862
0.14196,0.12895
-1.4843,1.7376
5.4573,-2.7791
5.2994,2.6046
0.60679,0.95498
1.6491,4.2441
4.1589,1.9902
2.0862,0.021832
0.23112,-4.2891
-0.85143,-1.8796
4.9556,-0.26214
5.4375,0.83599
5.0473,1.0713
-1.8645,0.81661
2.2464,-1.1941
1.3036,-1.7549
0.14799,-5.4657
0.23842,-0.42616
-0.38689,2.9969
-0.32561,-4.086
0.2825,-2.6994
-0.10398,-4.8334
-0.20231,-5.2542
3.801,-3.0434
5.2496,3.0294
1.6164,-0.13851
1.5483,-1.9522
1.9365,-0.31168
0.22114,3.2766
3.2172,-2.0298
-1.7901,-1.7226
-0.19111,2.1501
4.196,2.6078
2.9104,5.8019
-1.0881,1.2679
4.65,0.70514
3.4542,5.7499
4.4066,2.0188
-0.46708,-4.4849
0.0018825,-3.022
1.3371,-2.1559
-0.23327,-3.0373
1.1072,-4.9572
3.1728,-0.19396
-1.6418,-1.546
0.97161,4.218
-2.0651,-1.9706
0.69783,3.154
4.3932,1.0806
6.4825,0.29493
6.6693,1.5148
1.9925,4.523
-1.8425,-2.1718
-0.22167,0.45759
-1.6776,-2.273
4.9713,1.5877
1.2359,1.8526
-0.81535,1.823
2.2579,5.282
0.32746,-3.7628
-1.1549,1.6218
0.96227,4.4824
1.5786,4.9534
0.76695,0.54812
0.5396,-5.1727
3.1668,-0.0039354
5.7582,-1.4886
0.20723,-3.8766
-0.21162,-4.6228
-0.58259,2.6031
0.89408,0.63886
-0.050228,-2.3461
3.5339,1.7521
2.4634,0.75097
1.6806,-0.061093
-1.2771,-3.6757
4.2081,-2.0473
5.0364,0.79764
3.6307,1.4667
-0.92635,-2.5316
2.7975,5.4799
1.1234,-1.3149
4.359,1.1208
-0.21402,0.25776
-2.4508,1.0519
-1.545,1.9847
5.2452,0.78876
6.5132,-0.50732
-1.1236,-3.7444
6.8138,0.399
-0.91377,-4.4753
0.41814,-0.37049
0.57915,-0.18564
-0.39389,0.043454
5.8697,1.7106
2.1379,-0.52632
-0.91248,-4.2378
0.71912,-0.83878
3.4572,-2.6413
1.3136,-0.13378
0.90441,-4.5757
-1.4925,-3.6359
-0.21362,-0.46716
-0.40085,-3.6937
-1.3422,-1.1992
6.536,-0.39647
0.52612,3.3938
4.8704,-1.7243
0.69987,3.4003
-0.55288,-0.24362
4.4526,-1.9017
-0.53942,2.6811
0.3092,3.0935
-1.9578,-1.2063
-0.50552,2.0846
-1.7941,0.91596
2.2771,-0.4483
1.0895,4.233
4.3429,3.6798
-0.3308,-4.821
6.8258,-1.1643
0.87063,-1.6567
5.1791,-3.2861
2.3074,5.6325
6.8588,0.72241
5.3898,1.1084
0.29579,3.7566
6.0497,1.4011
-1.3378,-4.0388
-0.31135,2.879
5.5151,0.57836
4.9926,-0.68181
6.7563,-0.71502
2.3173,-0.13121
3.7915,-2.1671
3.5617,-2.3008
2.6184,-0.51086
4.1389,3.4907
1.8212,1.0618
0.8332,4.0789
3.8687,-3.2578
3.5667,-3.5101
1.4633,4.1851
1.8251,-0.72734
0.96421,-0.32756
-1.6983,-3.2439
-1.569,-2.218
-1.3412,2.0236
3.0868,0.1523
4.7266,-1.5223
0.20044,-4.8322
6.5937,0.44445
-0.56293,-1.9949
0.45604,-1.053
5.1087,0.12397
-1.2684,-2.2905
0.93176,-0.616
3.3415,3.4841
4.9804,-3.0867
1.4177,4.7133
4.6311,-2.9147
-0.38663,-3.0781
4.0207,-2.0782
5.8158,0.68077
0.020136,-2.3729
-1.0493,-1.6162
6.3947,-0.34144
0.36784,-0.53936
4.9535,3.0885
6.5029,0.53785
4.5593,0.84759
0.70774,-3.8119
-1.5662,-3.1552
0.96007,-1.5322
0.3309,2.8866
-0.49769,2.1931
1.1498,1.4557
0.68793,-0.55037
0.046633,-5.484
-0.16913,2.9617
-1.0031,2.2775
-2.2187,1.2329
-1.4821,1.6402
1.944,0.17305
-0.22266,-2.9737
5.5366,-0.4238
2.9535,5.8621
1.4076,-0.41605
3.0707,5.6842
-1.0362,-1.3155
1.6179,1.0534
0.75849,-0.091515
1.9654,5.1221
4.476,-1.2698
4.8404,-1.4095
2.0988,-1.4202
-0.11555,-2.8868
3.2764,2.4067
4.2233,2.293
5.7925,-2.9975
2.4438,-0.48648
-0.61166,-1.6658
-0.86118,-3.2814
-1.1301,-1.7596
0.76277,-4.3512
5.3302,0.89063
4.0837,3.1134
0.30781,3.1438
0.7508,3.6276
2.8672,5.6652
1.9268,4.2367
1.552,0.8905
0.77441,-0.92094
5.7134,1.472
-1.21,2.2992
5.1942,0.016892
4.4496,-2.73
-0.86249,-2.6899
1.3701,3.793
0.73085,-5.1508
5.3396,0.71832
-1.2126,-3.1909
-0.29907,-5.2536
0.80605,-4.6542
1.0956,3.7783
5.5175,0.93822
1.1477,4.2406
0.69775,4.1513
5.7209,-0.010019
2.5664,-0.82668
2.3589,0.94345
-1.7993,0.8392
3.6061,2.508
-0.34474,-2.4209
0.80573,3.6507
2.5771,5.9932
3.1022,6.5616
4.8852,2.9887
1.3167,-1.1028
-0.12499,-2.7944
5.3091,2.2835
2.0567,5.4179
3.0633,5.9481
-0.62187,-2.8419
-0.046885,-0.22323
-1.0558,-3.2492
2.5247,5.1504
4.9644,-0.7738
0.31238,0.022229
-0.46029,2.2576
5.4433,0.65359
5.2582,2.9091
0.72954,-3.9763
2.7963,5.6818
-1.284,-1.4264
-1.0552,2.0465
0.56184,-3.7667
4.5972,3.7315
-1.923,-1.1561
5.33,-3.2705
3.2755,1.9866
5.3787,2.8902
-0.4337,-1.9918
0.95394,1.1153
4.0131,3.1921
-0.5408,3.0458
4.3899,1.6616
5.2624,-1.0489
2.323,4.818
1.0668,4.2311
4.7784,-2.6755
-1.2006,-2.7098
3.2577,-3.0951
0.61985,0.72342
5.0449,0.56699
-0.69906,2.1891
0.57023,-1.2786
0.96807,-1.6178
0.7339,-3.9389
0.072767,2.3574
-1.5737,-1.595
0.98602,-1.7275
1.6453,-1.265
2.9951,6.3779
5.0593,-0.15088
0.9134,-0.073075
2.7282,6.293
4.4525,1.3085
6.9881,0.71687
5.9434,-2.502
3.3819,2.8053
1.2609,1.4224
1.3703,5.014
1.968,0.063307
-1.4616,-1.7009
1.6469,-1.3241
-0.72112,2.9141
1.0782,-0.4986
5.9415,0.26493
2.8421,5.5594
-2.1026,1.2743
0.59284,-5.3285
0.89957,-0.4027
0.97102,-4.6982
2.5602,6.129
4.3004,-1.7753
-0.67937,-2.0418
6.8231,-0.54858
4.7642,3.14
5.7572,2.8065
5.3742,1.4477
2.4806,0.83731
5.1824,-1.5459
2.9246,5.8983
-0.31865,-1.9635
3.2468,-2.5874
-0.24251,-3.0424
1.3816,4.7847
2.1723,1.1492
1.2325,4.5291
3.327,3.3392
1.355,4.927
-1.0465,1.3329
4.4956,-1.5389
1.3051,-1.1573
0.21298,-4.2832
0.7041,4.2735
1.1458,0.52624
5.907,-1.0806
-0.30397,2.902
-1.329,1.8084
-0.46851,2.9634
1.4729,4.3797
0.96476,-5.1489
0.61446,4.1988
-1.6112,1.671
5.4986,0.16589
1.472,5.0602
4.7685,-1.9413
2.1412,-0.31583
3.1286,6.3287
0.1793,2.7399
0.67401,3.2662
-0.31363,-3.8458
0.76377,-1.3734
5.2441,3.2664
6.2081,-0.86787
6.0676,0.50508
-1.1823,2.0544
0.18859,-3.8101
4.7653,2.6854
-0.25414,-3.3736
6.9753,-0.41303
0.28162,-5.6333
1.3937,0.019723
2.3498,4.7421
0.59453,3.8876
1.5174,-0.63462
3.1284,5.9941
-0.50795,2.3229
1.4303,4.2732
-0.30006,-3.5677
-0.36701,-4.1121
-0.53999,-3.7289
-1.674,-2.8426
1.3017,3.8793
-1.3569,-3.2028
-0.032431,0.44126
1.7453,0.17537
4.3875,2.8979
4.9103,-2.4227
4.8743,-0.18265
5.289,-1.1232
-0.9074,-2.7715
0.50965,0.18078
2.8714,5.6544
0.67525,4.0666
1.7298,-0.64013
6.3605,-0.44484
3.7279,-2.4841
1.8007,4.7461
0.91477,-5.7868
4.7452,-1.883
5.8589,-2.7302
5.5002,1.1416
0.82607,4.0947
0.39943,-3.4141
0.33036,-4.7493
3.423,5.793
1.5234,3.9465
-0.33622,-3.3516
-1.4904,-3.5684
4.0783,-2.0882
1.9258,1.2515
6.9873,0.18506
4.93,-3.2541
3.7151,2.4165
-0.63042,-2.2733
0.71578,-6.0515
1.0278,0.30023
5.3701,2.5545
5.5747,-1.4402
5.2509,1.2843
2.4057,0.95455
-1.0493,-4.0762
-0.57293,-3.6269
4.1156,2.8889
2.5396,0.22489
2.4544,-0.87324
-0.34315,2.6074
-1.6675,1.8833
4.4835,-3.7653
-0.3453,-3.0422
6.162,-0.22598
2.3578,5.4859
1.2347,0.31467
4.8861,-2.0293
0.33193,-0.17149
3.6495,2.4986
3.5423,3.2695
3.5171,1.6688
4.6875,-1.471
-0.12769,2.5925
5.2441,1.4813
3.257,0.1265
5.9516,-0.57219
2.7209,5.625
0.94006,-5.7338
-0.83484,2.5233
3.2065,5.8919
-0.5237,-0.26468
5.1315,2.8026
2.1846,-0.67033
5.3596,-1.2311
6.1613,0.88293
4.7926,0.91874
2.4976,-0.92273
-2.2504,1.187
6.1289,-0.11889
2.0181,-1.0868
-0.9414,1.6612
4.1609,-1.257
2.1975,0.34456
5.9215,0.36621
1.4738,-1.1732
2.3803,-0.92905
-1.8763,0.77312
-1.5519,1.4826
0.74598,3.0716
4.3291,1.0876
-1.9672,1.5226
-0.063521,2.3776
-0.46293,3.0387
3.5023,-2.8087
0.5144,3.1041
1.0748,0.72068
0.55127,0.85648
3.5886,6.2658
6.4355,0.80006
4.0199,-3.754
4.0751,-2.6703
-0.27034,2.829
0.89565,3.7778
3.3066,3.6937
1.2202,1.8573
6.1795,2.1883
1.3068,-0.13734
-0.63299,3.0258
0.32896,-4.3013
0.98005,1.1494
1.2447,0.68685
3.8988,-3.8407
1.491,1.6609
1.2324,-1.2411
6.8612,1.3425
1.9128,1.0191
0.88242,-1.2316
-1.6829,-1.7325
-0.0088723,-0.41369
6.6039,1.621
0.50364,-3.6126
6.1453,-1.9554
-0.92267,-2.2768
-1.0345,-3.7608
1.4375,-1.2202
5.6068,0.73968
-1.873,-2.4615
1.7989,4.1049
-1.0015,-1.7072
0.14373,-0.43076
1.3409,-1.619
3.0004,-0.51179
5.6699,0.25435
-0.53377,-2.0999
0.006054,0.40518
-1.5531,1.0709
3.2832,-2.9488
1.8208,4.8453
1.8705,0.94884
6.3797,-1.92
-1.3347,-2.622
-1.9967,-1.7588
-0.23657,-3.0301
-1.8171,-2.3412
0.38238,2.8725
0.95532,-4.2809
-0.19755,-3.0824
-0.58881,-2.3705
5.2791,-2.2433
2.6318,4.9049
2.6534,-0.089869
2.8964,-0.5658
0.99177,-0.67921
3.7723,-2.21
-0.16541,3.1474
1.8575,-1.4864
5.7374,-2.6321
4.6008,2.4788
4.4775,-3.1408
0.38475,3.0835
5.2695,0.30893
-1.6275,0.70249
2.6983,6.0638
1.0921,-0.32556
5.7366,1.6723
2.3385,5.9142
3.4728,1.5177
2.2031,4.7338
-0.21815,0.38377
0.68059,-4.3063
3.2089,5.6013
1.7014,-0.23588
-0.16772,3.0014
5.4045,-2.4076
2.0097,5.4481
-1.4274,-2.5047
-1.0724,2.1656
1.5805,4.1554
0.94925,-0.82785
-1.5451,-3.5811
5.8875,-0.024953
5.5849,2.6994
-0.94757,-4.6275
0.19023,-5.0967
1.0103,-5.1824
0.71904,-4.6439
5.7636,-1.209
3.5203,-1.7431
6.2689,-0.59779
3.7243,3.055
5.866,-2.1287
-0.48504,-0.017173
0.074015,2.6132
2.4831,5.0788
6.242,1.0502
-0.57361,-4.6982
2.3717,5.4256
6.4872,-1.8195
1.782,1.0589
6.2299,0.6499
0.29507,-3.2308
2.6428,5.0123
3.6894,1.456
-1.618,1.7065
5.1422,-0.73503
0.6224,0.38088
4.3945,-1.1181
5.1423,-1.9465
-0.99059,2.0062
1.8831,1.2497
2.2553,0.34426
-1.9447,1.6681
1.5127,3.93
-0.27407,-2.085
-0.86543,-1.7342
-1.0645,2.403
-1.7726,-2.2104
-0.8923,-2.9982
1.1283,4.0162
3.4667,-1.8279
4.8849,-0.76959
0.8751,-5.2096
-0.95393,-4.1492
3.4095,-0.10571
1.3573,0.96324
-1.5455,0.95714
-0.20007,-4.3309
0.22152,-3.3123
5.888,-0.68898
-0.63017,-2.5956
1.9661,-0.41556
0.058217,2.5751
1.7721,0.81999
6.7933,1.1778
6.5693,1.1879
3.4931,-1.9252
1.1162,-4.6527
2.7657,-0.33772
4.966,0.79709
3.8081,-1.8087
3.1247,5.6025
5.5667,1.7171
3.7335,-3.6474
-0.6138,-2.7997
-0.63165,-4.6908
5.4059,-1.7974
2.274,-1.2128
6.9192,0.32803
-0.72479,-2.2021
0.28775,-0.97347
2.0544,-0.27172
-2.3041,1.2036
-0.067711,-3.5216
0.67391,-0.71079
0.27277,-2.7501
3.927,1.9279
6.979,-0.68521
-1.3036,2.2157
-0.052045,2.7362
5.5785,2.4849
2.4332,5.1801
2.2745,-1.1507
3.2352,-3.2345
4.6181,1.0647
2.7417,0.21199
1.9563,4.4682
1.6176,0.36831
4.6115,-2.8583
0.16305,0.49719
0.37424,-0.23991
-1.1272,2.3652
-0.6318,1.9787
5.0364,-2.676
1.8045,-0.21494
4.327,3.0921
2.2126,-0.93484
5.5358,0.99459
-2.0938,1.4231
-1.0161,2.636
4.2649,-2.5478
-1.7404,1.1938
1.0607,-4.9002
-0.72648,-4.0488
-0.57577,2.9196
4.7198,1.2197
-1.8739,-2.7001
3.9712,-2.4872
-1.2174,-4.1307
3.9464,-3.1875
4.7356,3.6246
3.5928,3.5559
6.909,1.3126
3.4075,-3.5461
3.0153,0.21946
0.93173,1.0044
0.89322,-5.6181
6.1957,0.91794
1.3511,4.4583
5.5201,-0.39739
3.3719,1.7889
-0.1111,2.2961
4.3964,2.0562
-1.8673,1.5866
3.3211,5.7945
0.24462,-3.6614
-0.22515,0.10599
-2.0242,-2.4269
-2.4871,1.1324
4.9372,-0.90895
-0.87031,-4.2521
3.5818,3.6976
1.2394,-1.0254
0.19052,-0.24914
3.2079,6.5948
2.6604,5.1149
5.5644,-2.124
0.90428,-0.21279
2.4555,5.6865
2.0846,4.966
-0.22511,-0.57433
0.166,-2.9489
-1.583,1.505
4.6098,1.272
0.64009,-0.91888
4.755,-1.5843
4.9173,-0.52203
4.9532,3.4636
0.52212,1.1619
0.54923,-6.0252
0.54535,-4.5864
5.2468,-0.47892
-0.062033,-2.3156
6.1281,-0.42889
4.939,0.79425
6.9653,-0.0041604
3.2281,-1.7001
-0.72832,1.6843
0.93336,0.39569
0.66874,-4.5557
1.345,4.7368
5.6868,0.26679
-0.65995,-2.5319
0.42645,1.0922
2.1324,0.21515
-0.8453,-4.6402
4.0156,1.3414
1.8721,5.5226
4.2155,-1.3497
1.9494,-1.5077
-0.20306,-0.032826
3.2231,6.3773
5.9736,0.38773
0.71657,1.1566
-1.711,-1.2186
-1.7402,-1.7832
6.2311,0.86892
-0.62692,-4.5057
1.4594,4.9065
5.1724,2.5506
3.2229,6.5114
-0.93192,-2.1875
2.366,5.2007
-1.7426,-2.3619
1.4333,-1.0412
1.9775,4.2478
-1.2927,2.0195
2.3906,5.5649
6.5019,-0.33756
2.511,6.0337
4.924,-1.0999
-1.5784,1.8772
-0.26919,2.4956
1.4979,4.0699
6.5021,1.2146
1.2129,0.36333
1.5062,0.094484
3.1411,-0.026653
-0.52583,-4.2376
0.56246,2.9343
-1.3705,-1.6075
1.1811,0.31071
-0.52813,3.1251
5.7725,2.2064
2.9525,0.30233
0.027923,3.6374
-0.97071,-4.1165
4.2276,1.3547
4.1467,3.322
-0.36234,3.3057
-0.97204,2.0305
6.4503,2.3126
0.30068,0.17541
4.0064,2.2386
1.1201,-5.3247
-0.86138,-2.6323
0.77968,-4.417
-1.0351,-2.858
3.1743,5.9098
6.3429,0.99858
2.6474,5.1107
4.1284,-1.6787
6.568,1.5692
-0.25984,-2.2846
0.89987,0.43966
-0.2982,-4.3177
6.1089,1.4382
4.5065,-2.334
5.1162,0.13018
-0.84249,-1.5025
2.5193,5.526
-1.2939,1.9926
-0.71782,2.669
0.048868,-5.3005
0.5833,3.7322
1.6916,5.3
-1.664,-2.6186
1.5707,0.75274
-0.78634,2.1307
3.6706,-2.7751
4.6596,1.98
4.1693,-3.1792
2.5721,5.3686
3.5847,2.9924
4.4405,2.338
4.7592,-1.4564
-0.85457,1.895
-2.135,-1.8256
-0.19292,-2.6601
3.5175,1.6782
5.6346,0.10354
1.2901,1.9341
1.2256,-1.2356
-1.3827,-1.4953
1.6855,4.1399
1.086,-1.8437
1.4106,0.7928
4.3813,-3.5699
1.8946,4.2252
-0.37755,-0.31308
4.8435,0.73552
4.1723,-1.343
-1.4997,-1.4731
5.092,1.719
0.85529,3.2792
-1.0732,-2.8139
4.7982,-1.5885
4.371,2.3013
-1.5516,-1.1461
5.0313,-1.8506
-1.1059,-3.5283
0.11857,-4.5187
1.7139,-0.91774
5.958,-1.4943
5.6846,-2.296
-0.87621,-4.5594
0.31372,-0.64461
-1.0053,-3.3189
-1.9058,-1.1295
-1.4286,-3.2633
-1.8081,-2.8835
2.0915,0.70128
0.31582,-5.3207
1.3803,0.18614
2.5392,0.59639
-1.8924,-1.8433
-0.9217,-4.6698
-0.45928,-4.7436
0.63936,3.0785
1.2075,-5.7526
0.83532,-5.2999
2.4207,-0.44741
2.4338,5.5062
4.8165,-3.1984
0.82179,0.20439
2.1235,-0.51424
4.3613,-1.939
5.1444,1.1389
5.4451,-2.0208
3.2498,-2.3606
1.0255,-5.4366
-1.4419,-1.5139
1.3697,0.51952
5.542,-2.6754
-0.31511,-3.3582
-0.84819,-4.4058
2.7016,5.829
4.4109,-3.3579
5.2956,-0.003566
4.7531,-0.81533
4.034,-2.0538
-0.371,-3.8211
-1.2047,-2.7271
1.9732,0.3126
1.2265,-0.62578
3.3302,2.4201
4.5138,-1.2054
-0.39895,-2.4558
1.2905,0.91678
4.0194,-1.5322
0.19941,-3.1846
-0.9599,-4.5199
1.1917,-1.3047
5.0371,-2.2496
-0.39447,-3.4408
-1.0678,1.8206
0.012985,-4.5166
1.8562,1.2412
3.4606,1.5874
5.4634,-0.6029
1.9136,0.71548
2.8384,0.22715
0.43874,-3.7409
-0.10226,-4.4959
1.2316,0.062674
0.23661,-5.8495
0.91871,-0.85711
6.3325,-1.5627
1.0759,-4.2489
1.4115,-0.61551
-0.018315,-3.5399
1.8669,5.4309
0.54965,-3.9327
2.0908,5.3283
-0.29344,-3.4435
5.6002,1.7769
1.7511,0.19653
5.8837,-1.8525
-0.6516,-4.4365
6.46,1.2368
0.35501,-0.28974
2.1365,-0.62223
4.7099,-0.61403
0.13764,2.6343
1.3056,-1.7913
2.9019,5.8923
0.59829,-4.2109
1.6852,0.62393
1.3484,-1.6766
-0.33692,2.8232
0.30121,-0.68339
3.681,2.0791
6.2061,-1.6804
0.53681,-5.0144
3.6068,6.0258
-1.1495,2.0968
-0.89439,-2.7285
1.499,3.7998
6.7657,0.064574
5.256,-0.83104
-0.43153,-4.9702
4.4857,1.1909
2.983,5.3268
-0.020056,-4.0106
4.6175,2.5456
4.9745,0.35695
3.1261,5.4013
6.5802,-2.0676
1.9215,0.030068
2.3187,0.074361
4.5478,-2.9053
4.1651,-1.5597
2.3729,5.1333
2.3636,0.073621
5.3572,-1.1912
6.074,-0.24256
-0.11363,-3.6407
4.4805,1.8655
4.9909,2.5206
1.7847,-1.5104
5.6935,-0.47023
0.85769,-4.4563
2.1595,-0.40413
-0.77023,-1.7489
0.45726,-3.8005
4.1105,-2.6154
5.7318,-0.60872
1.7044,-0.79761
2.0061,-0.26687
1.2522,4.6734
0.078974,0.49977
4.5642,-2.7398
-0.11128,2.6821
5.5125,1.0916
4.5818,1.0721
1.7843,-0.57014
-1.8756,-1.7394
4.7708,0.29488
4.6362,-0.56012
-1.8033,-2.9088
3.805,1.8636
-1.5865,-3.18
1.1639,-5.6906
0.36326,-5.6439
6.1283,-1.0651
3.3668,6.3083
-0.44207,-0.11183
0.13877,3.6916
1.4164,-0.34152
-0.1255,-3.8188
0.27315,3.6074
-0.41268,-3.7001
-0.51871,-1.7903
5.7208,0.67841
0.79166,-0.1746
-1.1771,2.4203
3.9346,1.5714
1.9215,-1.5953
-0.45567,-0.17881
4.702,-0.38961
0.71262,0.63537
6.0799,-2.5905
2.6353,0.15884
0.72857,-4.0408
3.8183,2.3256
5.176,-0.12774
4.0428,-3.8369
6.7754,-1.0937
0.92835,3.3717
2.582,-0.87757
-0.071129,-5.2044
-0.78258,-2.7762
2.769,5.1677
5.179,0.29677
3.9348,-1.5738
1.1927,-5.4793
3.3408,-0.088568
1.4848,1.7863
2.4325,0.65816
0.67554,-4.6927
-0.20808,-2.6317
0.24739,-3.9957
5.9451,-0.48367
3.7445,2.9844
-1.1866,1.1238
2.3492,5.0189
6.9457,-0.54701
4.0832,1.8764
1.2744,-0.22564
5.1913,-2.5438
6.9984,1.1096
4.6135,3.5741
2.3048,0.63224
-0.9565,-2.7844
6.1114,-1.1931
4.4123,-1.9847
5.7437,-0.64067
0.84954,-1.535
1.0048,0.91777
6.224,1.3704
0.036316,2.854
2.6682,5.6676
4.764,1.5152
0.63111,1.1511
5.4925,3.0269
-0.85189,2.5746
4.7435,0.57651
2.2132,5.613
-0.080958,-2.7485
5.3074,2.2761
3.9745,-1.7853
5.3623,0.57151
3.2591,2.6486
-0.61068,2.15
2.0981,5.1809
3.5532,5.8167
6.0415,2.4124
-0.24214,3.3261
6.8732,-1.5531
-0.5083,-0.1621
0.89443,3.7345
3.1466,5.6449
-0.5672,-2.2959
1.1269,0.058648
4.9526,-1.8672
4.7694,1.1123
-1.4772,1.0566
-0.77055,2.2228
1.0258,3.5909
4.3862,-2.9135
1.1688,-4.7447
5.5437,-1.3578
3.3701,-3.7688
0.038734,-2.9395
3.7873,1.8047
0.96432,-1.2604
-1.3991,1.5802
-0.26812,2.0379
5.2895,-2.4038
1.0935,0.17748
3.136,-0.085057
5.0747,-2.5597
5.0717,-1.6511
-1.2802,-1.9618
-1.1751,-1.9331
1.742,-1.7813
5.473,1.4061
-0.092174,-4.722
4.1971,-2.248
0.79885,0.49559
1.5601,4.7132
1.3914,-1.9403
0.98511,1.1648
0.8685,0.12218
1.0242,-1.0228
2.0591,0.1341
2.2837,5.5667
-1.7069,-3.3619
6.3982,-0.84095
0.89715,3.5926
-1.4847,-3.0262
3.5458,-2.1017
3.44,-1.8886
3.3565,-2.262
3.8439,-2.5388
3.9503,2.4707
5.3498,0.098143
1.3718,1.0642
3.6263,-3.86
5.1,-2.5892
0.47072,-3.4855
4.7251,-3.2034
-1.6947,1.1083
1.0752,1.0941
4.0911,1.2246
0.6229,3.1727
-0.077923,-0.39411
4.0016,-1.3541
3.3527,-2.1997
0.030467,-3.936
0.74431,4.1791
0.060248,-0.30493
1.1171,3.9173
3.2813,3.8013
0.36488,3.1873
6.3326,-2.029
6.6992,1.6343
-1.1146,-3.279
-0.35085,-0.46068
4.8146,-0.65827
3.5607,1.8768
0.96834,0.33473
0.017135,-2.3464
0.28634,-0.42878
4.9501,0.94248
-0.062904,-4.954
2.5171,-0.063057
1.0282,-1.6409
3.5759,5.8778
-0.11492,-2.8873
1.1187,-4.6453
0.87447,-0.53988
0.84936,1.4907
4.1292,2.3044
-0.27117,-4.8994
0.70549,-1.4995
6.1425,2.1529
-1.0001,-2.2874
0.085694,-2.8931
0.83837,0.076225
2.4754,0.0084505
0.53068,0.45531
-1.2759,2.3266
1.9445,5.1755
-1.9037,-1.4218
5.0403,0.9669
5.7396,1.0631
4.6174,-0.80235
-0.73263,-2.7927
1.0282,3.5961
-1.6016,-3.4572
-0.20016,-4.7782
0.94674,-0.020397
-0.8911,-4.3464
-1.263,2.2744
1.653,4.3418
1.569,4.243
1.5817,1.0823
5.5315,-0.69382
3.3713,2.9885
-1.3873,-1.7228
4.2021,-3.3696
3.8915,-3.2464
1.9698,4.6093
5.1088,2.2274
5.9619,1.2145
4.2641,-2.5025
0.66962,-4.3
3.2901,-3.3518
3.3299,3.6741
-0.85887,-3.161
5.6993,1.7263
2.6827,6.1242
1.1736,-4.8337
-0.072914,-4.2648
1.5832,5.2222
0.94778,0.5498
0.39569,4.0421
-1.8853,0.61987
1.8185,-1.422
6.3082,-0.047776
-0.10543,-4.2275
-1.5731,1.8417
0.81897,-5.2283
1.197,-0.096044
-0.93679,-2.8058
3.9675,3.1803
0.82145,1.1949
0.84269,-5.1897
3.6931,-1.9123
5.8815,0.74931
0.67087,1.0037
-1.9905,0.76984
3.9082,1.4481
1.0567,0.48344
4.7864,1.1874
6.0004,-2.6591
4.7033,3.2886
6.1579,-1.8573
-1.8045,1.6345
-0.95435,-2.1879
2.2858,5.6948
1.8021,-0.37739
1.259,0.52009
-1.5409,-3.7175
1.6166,1.51
-0.99155,-3.1938
4.5671,1.4967
2.8937,5.663
-1.1153,-3.9988
-0.078254,-2.5777
0.084664,0.65333
-1.5628,1.4899
6.6097,1.8534
4.6026,0.99562
4.8939,3.2321
0.64746,-1.2935
4.016,-2.1513
-0.54444,-2.2379
-0.13362,3.496
-0.94767,-4.2026
2.5925,4.9865
4.4905,-3.1618
0.03264,2.6357
3.5125,3.1086
-0.55001,-2.1285
5.6732,-2.6119
-1.0515,-1.4308
5.322,-1.6004
1.9059,4.9683
1.4139,-0.89051
5.8176,0.3522
-1.2681,1.8517
0.58973,-0.39084
0.32277,-0.60749
6.7604,-1.8183
-1.4251,-2.981
-1.128,-2.8324
-0.59791,-0.15926
-0.24709,3.0239
0.090462,-4.3357
6.8299,0.031482
5.6207,0.20818
0.5874,-5.8317
4.7021,-2.4118
1.6679,1.3543
1.3749,-1.7932
-0.12054,3.5354
-1.546,1.6846
-0.92736,-3.2267
-0.72356,-2.6071
1.0025,-5.9643
0.11848,-5.3197
0.21757,2.9728
5.8747,1.0737
1.2204,-1.14
1.5301,4.408
0.6015,-4.4859
0.98114,3.584
0.46459,-3.2487
4.9143,-0.048456
5.7794,-0.85142
3.8169,3.0009
4.4419,-1.1792
1.0981,-0.43675
-2.2185,1.3462
0.28971,-4.0599
-0.022806,-4.4283
1.8745,5.0845
5.5519,1.8043
1.2495,1.6188
4.5237,1.53
-0.39549,-0.36733
-0.25891,-4.3011
-0.19693,2.2186
-0.39619,3.088
5.8984,-2.7361
5.4461,1.9842
1.8153,0.17041
3.9814,2.6971
1.5042,0.26726
-0.20624,3.1092
1.4358,-0.37235
1.4945,4.7083
1.119,4.3083
4.7215,-1.5259
6.1597,-1.689
1.7901,1.1113
2.1231,0.13738
2.5418,5.197
0.76755,-0.14286
3.7319,-1.7232
2.8396,-0.34267
-0.7117,-1.5591
5.5239,0.73125
1.8759,4.5438
0.50406,3.7734
1.1036,-1.6151
6.6855,1.6175
-1.041,-3.2551
1.6605,0.36154
5.1903,-0.15207
1.3187,-0.018038
-0.24119,2.6747
-1.4178,0.90102
1.1188,3.8098
-0.62571,1.7192
-0.10403,-5.149
-1.5736,-2.2809
3.2418,-3.2239
5.7208,2.468
1.8049,4.3244
6.798,1.7417
-0.40384,-2.5351
4.6806,-1.1701
1.8178,4.9549
2.5304,4.8762
4.51,0.749
-1.7991,0.96567
5.096,0.61003
4.9149,1.6802
3.464,1.5114
1.9482,5.2131
1.7027,-1.2881
4.6152,1.5052
-0.8463,1.785
-1.6262,1.0701
-0.16768,-2.9701
1.7257,-1.3236
1.3045,-0.637
1.059,-0.86275
0.12493,-3.2842
0.84418,-5.124
4.7171,0.31896
6.2598,-0.35636
4.3556,3.2903
0.92357,0.41445
3.6997,-1.7861
-0.26156,-0.0091774
0.04682,3.4875
-0.123,3.4029
2.169,1.1832
0.31336,3.7878
6.1961,-0.13106
1.151,-0.93935
0.59989,4.2243
2.3752,5.2509
0.86597,4.4503
5.7425,2.4642
-0.96528,-3.181
3.3006,6.5441
0.76286,3.1154
4.4443,-1.375
4.1454,1.2957
6.0833,0.52451
-0.52316,-2.9764
2.0968,-1.1116
-1.7973,0.70027
-1.5626,-3.1942
-0.70088,1.7489
1.4514,1.5145
2.3499,5.769
-0.49514,-2.3951
2.5217,4.8384
5.0347,2.8948
-0.8598,-4.2599
-0.55161,-4.471
-0.61239,-2.9149
0.026528,-2.9908
6.4219,0.28259
2.5367,-0.59134
4.4674,2.4159
-1.7807,-1.6492
1.6104,-1.6665
-0.34761,3.0122
-1.07,-1.7255
-0.015049,0.48043
-0.68456,-3.9001
0.84776,-5.035
3.6118,6.2344
1.4945,-1.8697
7.1115,0.057137
-0.23031,2.6893
0.79853,-0.79709
3.0482,5.5569
-0.35906,2.0134
2.9464,-0.46881
-0.71656,2.5235
5.033,-0.61444
0.061045,-4.9402
-1.9177,0.82025
1.1795,-0.074278
-1.104,-1.6391
0.70032,-1.426
4.3171,-2.017
1.2162,-1.6418
-0.36045,2.8579
-0.13943,-5.2055
4.7809,2.4605
4.5328,-3.2066
4.5692,-2.2708
4.8491,-0.8128
0.71774,-3.8456
1.8134,-1.3523
4.3891,-1.8934
4.6605,1.7719
3.4265,-1.6939
0.58008,3.5967
3.6942,-3.2807
-1.2675,-1.6885
4.1304,-3.8296
1.2282,-1.6288
2.7354,-0.36894
6.8093,0.0058455
-0.51184,-3.8827
2.8153,5.4851
-0.37809,-4.5577
1.725,1.5872
0.14703,0.12133
0.86704,-5.8074
0.73242,3.6933
1.1161,0.41424
0.65959,0.53137
1.122,-0.23458
5.6396,2.7823
0.16608,-0.40699
3.3493,-2.4409
3.4353,2.5266
-1.1194,-1.8145
0.58262,-4.9697
3.4597,6.2722
3.9468,-1.6177
3.6686,2.5011
0.88049,-1.0025
-0.048764,-4.2987
4.6403,-2.4289
1.0957,-0.0095923
-0.025668,0.28556
4.06,-2.6762
0.17186,-4.8523
-1.3659,1.8351
-1.1673,-2.1861
5.0648,-2.7886
0.66805,-4.8971
0.19064,3.6281
5.7366,0.17676
4.775,0.71031
-1.4701,-3.3215
0.53608,0.67418
4.8737,0.785
5.958,-2.5657
5.1308,0.45926
-0.12407,-2.5132
0.95856,-1.0556
3.7602,2.6588
5.9367,1.7133
1.5155,4.1549
2.5809,-0.54765
-1.3033,-1.6088
5.8424,-1.9733
5.2467,-3.2208
1.6458,1.5225
6.1368,-0.54883
3.7763,1.5009
-0.85261,1.529
-0.61108,-4.8422
5.0558,-3.2521
5.0936,-1.4635
1.4699,1.1594
3.9944,-2.2091
5.557,0.23834
6.3597,-1.2608
-0.73797,-2.2983
5.1926,-3.2687
3.7991,-2.875
2.0612,5.2705
3.2219,1.664
4.8475,-3.3092
-1.6278,-3.3482
-0.1729,0.048486
6.0012,1.8572
3.8187,-2.3921
3.6775,1.797
0.22099,-4.618
1.1939,1.5938
2.169,-0.50065
-1.4064,-1.9817
1.2787,4.6566
5.0122,-2.1455
-0.26175,-3.0548
2.8838,-0.48038
1.0326,1.7227
-0.20583,0.43609
0.36268,-3.6332
1.89,5.4038
6.0422,0.020649
-0.25937,-3.1123
3.5465,1.7566
1.038,0.066812
-0.1785,-4.0429
-0.23479,-4.1072
-0.72958,-2.8681
-0.15872,-0.084877
-1.6134,-2.4313
4.895,-2.2268
-1.1697,1.373
4.5403,0.96232
-1.2056,-4.1476
1.0704,-4.5251
4.5686,-3.734
-0.0001661,-0.46724
1.8009,5.3955
4.6834,-1.0485
5.5227,1.789
0.065331,3.2913
-0.98222,-2.1469
4.0745,1.2415
4.4946,-0.99151
0.5006,3.7598
1.5207,1.4208
6.3239,-0.52165
1.7064,5.0528
0.76792,3.9375
6.1876,1.1542
1.509,-1.522
6.152,1.7017
5.7466,-2.0639
4.7647,-3.3815
1.2658,0.32067
0.65153,-0.80769
4.9472,-1.0329
4.8115,3.2822
4.4983,1.4512
-1.5446,1.9302
2.7734,-0.66134
3.2637,-2.4176
5.5271,1.9422
-1.19,-1.6139
6.0333,-2.6243
2.1478,-0.50766
2.8139,0.036008
2.3489,4.8967
5.0931,2.7828
4.9424,-3.3232
2.0798,1.0489
1.1007,0.33435
2.9713,6.6412
0.64877,3.1332
1.6217,-0.49891
0.922,-0.28736
-2.0741,-1.7875
-0.064194,2.394
-0.39874,0.27834
-0.12882,-4.0912
4.494,1.9504
-1.3175,1.0376
5.3592,0.97609
1.3055,-0.64633
1.6257,4.2547
5.7748,-1.2511
5.5136,-2.2979
-1.1768,1.7991
1.1913,-0.78739
-0.94202,-2.6836
6.1124,-0.36833
0.052418,3.4574
5.9595,0.48062
5.7043,-0.57219
3.3647,-3.3329
-0.31287,-0.052533
0.04755,-4.958
5.7832,-0.026785
2.6276,4.9389
2.906,-0.54137
4.0727,-2.8385
5.2332,-0.75089
1.8465,-0.15245
3.7868,-2.4308
1.9512,0.40679
0.16325,-5.806
1.5756,5.1129
4.5382,1.5053
5.0004,-3.0714
-1.3002,-1.5634
4.8686,1.0043
2.0614,-1.0269
3.389,6.2068
-0.9996,-1.8155
-0.28359,-4.6119
0.19186,3.5872
3.1301,6.3947
0.51339,1.0661
2.2714,5.5468
-1.0288,-1.9529
-0.011204,3.5905
-1.2578,-3.3283
0.2487,3.1258
0.9464,-0.33059
2.2655,5.1172
1.315,1.7013
5.3161,-1.121
5.746,-1.7913
4.3443,1.4587
5.7716,1.3242
-0.61645,-4.8333
-0.40259,-4.7946
0.96802,-0.91688
3.4989,-3.517
1.9551,-0.59301
4.8269,-3.0936
4.984,-0.021186
5.8948,-0.8723
-1.6939,1.2783
1.4066,-1.7027
2.8147,0.0074983
6.4607,0.32457
1.7338,1.1809
1.9934,4.9704
6.5573,1.9157
1.4215,4.963
0.83251,1.1802
1.9735,1.0628
1.7698,5.4131
0.0052292,-0.03999
-1.8116,-1.3761
1.0755,3.484
-1.1083,2.4317
2.238,-0.076537
-1.9503,-2.0846
3.2533,-1.8291
1.3654,0.56755
0.62939,-4.2191
0.086071,-3.0387
5.1932,-1.7327
1.715,0.12752
-0.17447,-0.052517
1.9849,0.31316
-0.44606,2.8692
-1.4434,-1.1297
0.80466,-0.33657
1.8625,4.5176
-0.30073,3.0883
-0.14463,-2.2044
1.4828,1.2364
-0.10755,-3.6178
3.0379,5.8878
3.3748,-3.0505
0.73049,-5.7541
0.56822,-5.7725
3.9674,-2.885
0.30433,-3.8455
7.0655,0.82483
1.3645,-2.0896
2.3515,-0.43473
4.5038,1.7109
4.8065,1.685
0.21955,-3.093
-0.43641,-3.0535
3.628,3.6791
2.9922,5.6281
0.33145,-3.4612
2.8921,5.5561
5.3351,-0.38909
1.8181,5.0655
5.4312,0.85791
0.10124,-3.0658
-0.64782,1.9864
6.1751,0.04136
4.6676,3.1122
-0.65061,-1.819
1.359,1.3015
0.21072,-3.3737
1.6587,0.35029
-0.85982,-4.4948
2.6153,5.2962
1.5269,1.3332
5.2537,2.9357
4.4111,1.1624
5.1306,0.52105
1.4115,-0.36257
1.8886,-1.4381
4.2578,-1.5113
4.392,1.1198
1.3082,-1.8792
4.9131,-0.57661
-0.81041,1.4548
1.7478,0.43241
3.986,1.4422
6.9124,0.92686
1.2493,4.4846
1.1667,0.024639
1.9341,1.0408
0.99706,-4.3827
-0.028375,-3.0766
6.4196,0.65809
6.2106,-0.35195
-0.27096,-5.1931
-0.95259,-4.1427
0.36024,3.8019
1.3391,3.8252
6.3105,0.51366
-0.24622,-4.6709
5.7118,1.3352
0.78602,-0.59386
2.0928,-1.1078
6.8242,-1.148
4.5735,3.2343
2.2242,-0.47324
1.1002,-4.9909
0.024497,-5.1601
-1.2289,-1.5744
0.76699,0.64918
3.3075,2.0658
2.9989,6.0502
5.5764,3.155
-1.8401,1.2233
5.5944,-0.4991
0.31244,3.8153
0.50226,0.17081
-1.9797,-1.3735
5.8165,0.51794
3.3402,5.793
2.8053,5.1881
0.56209,3.3369
0.85694,-5.7005
4.905,0.99318
-1.4029,1.3521
0.26972,-3.8969
-0.17779,2.9744
-1.3884,1.5197
4.8528,0.07415
4.7356,2.6685
2.5259,0.65112
-1.5049,0.90334
1.9418,4.6478
5.6257,0.36205
0.3933,0.22938
1.9215,1.4458
-0.17625,-0.04148
-1.1907,-1.166
3.5796,-1.8156
6.278,-0.58734
3.713,-3.4445
-0.78014,-4.6989
3.2024,3.6925
2.2164,5.6493
0.63513,-5.4837
1.4212,0.46965
4.7978,0.53673
-0.42421,2.7476
0.25857,3.9023
2.7955,-0.27799
7.0904,-0.82791
1.0626,4.2952
1.8754,0.49106
1.8831,4.8419
-0.056337,-0.41098
5.8129,-2.9722
0.91684,3.805
5.1889,-0.63391
3.3303,1.7468
4.4385,0.85906
1.2883,-0.31735
5.8934,-2.2815
-0.82131,1.5093
6.3233,1.1419
3.3762,1.9633
3.5065,5.8951
1.9396,4.3432
0.67117,-0.61706
3.1233,6.234
1.9898,1.0457
6.6525,0.73314
-0.12434,0.23263
3.7475,-3.3497
3.1809,6.6041
0.55287,0.0050201
-1.3445,-1.1882
5.5758,-1.5128
6.1909,0.03109
3.9919,1.6685
-1.3784,-2.4773
4.935,2.8721
3.8424,3.2126
-0.6876,-3.776
2.8454,-0.27365
4.9953,-1.0768
0.65764,-4.1234
-0.45708,-4.1448
-1.0236,2.389
-0.33056,3.1811
4.3694,-2.0385
2.2049,-0.42979
-0.10831,-4.6785
1.2442,-1.4277
5.6224,0.19607
5.1947,0.34985
2.697,4.9662
4.7485,3.5363
-0.89264,-4.1562
3.3557,-2.1261
4.0562,-1.9664
1.0718,1.4417
3.5151,-2.9354
2.7667,5.486
-2.0663,1.0146
-1.3518,1.424
-0.19697,-4.3063
4.287,2.4921
4.9277,2.8413
3.891,-3.4992
4.469,1.7221
-0.98495,-2.7382
5.6869,-0.93356
0.2787,2.5528
4.5043,-1.1077
-1.1411,1.9171
-0.31013,2.0103
6.5135,1.2327
1.6112,-1.5241
2.0727,0.011378
5.9345,1.1989
3.6062,2.261
1.2717,-1.0978
2.2579,0.78897
1.7033,4.4591
0.29259,0.19711
2.3581,-0.53295
4.6498,-0.80464
6.3455,1.7709
-0.57357,-3.9115
-0.11983,-3.2566
-0.28742,-3.3859
0.96472,-0.62767
4.841,-0.076916
3.1297,5.5974
4.0827,2.813
-0.91333,-3.1364
0.24731,-2.6213
0.55519,3.2408
-1.4461,-1.1569
0.67047,-4.8621
5.0465,1.7859
5.4875,-2.3855
4.0548,3.3186
-0.39514,-5.0248
-0.56531,-3.3407
-0.65443,-2.1871
2.282,5.7307
4.9577,2.6005
0.65368,-4.4749
5.7222,-1.3806
-0.021488,-4.2483
5.123,2.131
1.0903,3.9164
2.0377,-1.0369
-1.6722,-3.3634
-1.7083,-1.6035
0.6137,3.631
7.0809,0.067514
1.2402,1.0203
6.2903,0.99766
3.2998,2.2279
1.6791,1.5241
4.8021,-3.5513
4.1553,2.1355
-0.28816,-4.4161
4.6084,-1.2863
2.7026,6.0994
3.191,-0.19517
0.61525,-4.0736
2.6164,0.27423
1.7323,-1.6629
6.2667,-1.4374
-0.19143,-3.4891
0.55695,0.7614
1.5691,0.9756
2.8819,6.1675
1.2219,0.53035
2.3729,-1.1377
1.8385,-0.21278
-1.7809,-1.8329
-1.0532,-2.0024
-1.6745,1.0193
0.88988,-3.7967
6.224,1.8792
3.9089,-2.2398
0.1295,-4.3649
-0.86215,2.0817
2.3046,0.051633
2.1015,5.5542
5.4482,2.9455
1.0624,-0.053199
5.9688,2.4454
4.994,0.4666
0.053658,-3.9469
1.5121,4.2493
5.34,3.2895
-0.080558,3.5622
-2.0385,0.90641
1.3467,-0.28671
-0.30547,-2.1582
-0.41358,-4.8108
6.4447,2.1136
-1.1682,-3.5752
4.1943,1.5787
2.1275,0.36257
-1.266,1.0645
1.3255,-0.54335
4.3064,-1.0704
2.4704,5.3656
-1.192,-4.1294
1.0051,0.33226
5.5582,0.29993
5.8151,-1.6542
6.1859,-0.80324
5.3651,0.86244
0.72086,-4.9783
3.61,6.0448
2.7059,0.19942
3.7643,1.5769
-0.25091,-4.4965
3.4685,3.77
2.2434,-0.89548
4.7822,-3.3369
-1.1338,2.2644
6.2787,-2.3553
2.9958,6.3942
0.44287,-0.38499
-0.1421,-4.9592
6.724,-0.19348
-1.5461,0.78471
-1.2567,2.2837
1.5985,0.9472
0.89912,3.4062
-0.59637,-4.8659
1.7644,0.71082
5.6675,3.023
1.303,3.6873
4.9668,-1.9084
-2.2981,1.2154
-1.4507,-1.339
2.6132,0.35573
-1.443,1.2215
4.7425,-1.7559
-1.1482,-1.744
4.3761,-2.3208
6.727,-0.86111
5.4459,1.4988
4.2093,3.8542
4.9479,0.83375
2.3325,0.14853
-0.056249,-3.5562
0.89552,1.0038
-1.9106,-1.2661
4.5306,1.8076
4.6225,2.2198
2.5959,-0.73324
-2.0702,-1.7601
-0.22695,-5.2894
0.54603,-4.9642
0.074545,0.35959
-1.5439,1.8614
-1.7257,-1.8686
6.5428,-0.93331
0.88418,-0.73893
-1.017,-2.986
1.5633,0.17127
2.8985,-0.50198
3.6278,6.141
2.8722,5.757
2.2457,4.6774
1.1612,1.2354
2.0778,-0.59348
-0.59471,2.5944
0.33492,0.67553
-0.61646,-2.5774
0.437,0.086675
-0.84222,-2.8772
-1.304,1.26
5.8071,-1.6448
2.3098,-0.83424
2.0612,0.80126
3.5807,-1.6597
-0.69933,2.9598
4.6704,-0.48982
6.7251,-1.275
2.5678,4.9844
0.29532,-0.56008
4.8553,-0.54326
-1.0171,-4.5087
2.8851,0.20586
0.044009,2.469
-2.005,0.70295
5.5581,-2.9525
1.0612,3.6069
2.9397,5.6752
0.046962,3.384
-0.4207,2.5829
6.007,0.78287
-0.77914,-2.5062
1.2857,-1.5572
1.2295,1.5956
6.1725,-1.6899
1.9913,5.6639
-0.026392,0.48264
4.9055,-2.8411
1.6967,-0.78583
-0.64674,-3.6044
-1.1915,-2.8081
5.4209,-3.0152
1.5734,1.4437
4.6876,2.6121
-0.15606,3.5112
3.3842,1.7816
-0.66934,-3.8221
-0.17482,2.2318
2.0755,0.84166
3.5538,3.6318
-1.1817,-3.9926
-0.43353,-5.0233
4.2873,1.5843
4.4064,1.9492
0.67301,4.0378
1.6958,4.6699
-1.0467,-3.6508
0.83259,3.8656
-1.988,1.0973
3.833,2.4447
-1.3406,2.2841
4.8926,1.9419
2.5966,0.47438
3.5721,2.6719
0.1927,2.576
-0.54845,-2.7205
1.8958,5.4807
3.4593,-2.5969
1.2962,0.76847
-0.1589,-3.4623
-1.4975,-3.5614
1.0486,3.4515
5.3499,-0.020432
0.39679,-3.0347
-1.7076,-1.3039
4.8067,2.6574
1.4202,-1.9176
4.1861,3.249
4.4608,-2.2603
1.2726,0.38634
3.7292,-3.5722
6.2592,-1.0415
6.1717,-1.9761
0.74391,1.0045
6.4315,2.2687
3.4574,3.6215
5.5244,-1.5232
-1.7378,0.90905
2.0216,0.238
2.4439,-0.28775
6.6022,-1.6502
-0.92835,1.4238
5.1131,-0.7266
1.0585,-0.32559
4.1314,-2.5047
-1.0464,1.4018
3.9931,2.2338
1.432,-0.79401
5.2834,1.2747
1.7427,5.2544
-0.56827,2.7028
-0.22931,-0.044415
4.598,2.1503
1.2764,4.6184
-2.0648,1.4811
4.1312,2.5461
0.5804,-4.6517
4.4698,3.5636
-0.5699,-0.15012
5.2826,-1.4144
4.6047,-2.5598
6.7066,-1.3074
3.4867,3.0377
0.49177,3.6829
0.54431,-4.8886
4.3928,1.2726
-0.25906,0.38434
6.4141,-1.193
5.0209,-0.40551
3.9016,-1.9271
1.6849,0.37717
-1.5492,-1.3397
-0.33962,2.0519
4.7005,-2.5708
6.3058,-1.3576
2.4079,5.1928
6.203,0.042906
2.4728,5.9254
2.7292,0.25719
2.3227,0.20171
2.0322,-0.92885
0.4723,-3.441
3.3591,-1.8429
-0.40965,2.3485
2.123,-0.36317
5.2622,0.40156
3.2567,6.051
1.1008,0.064808
4.3229,2.7773
1.0145,0.75436
0.67025,0.85494
0.49149,-4.5558
1.8433,1.443
1.4017,0.3832
2.4677,6.1391
-1.2498,1.7528
5.6068,1.0149
5.1728,3.1774
2.3847,4.6721
1.9602,4.5071
3.7805,1.5287
-0.40999,2.5038
0.88723,-5.2234
-1.1179,-3.6004
-1.3079,1.6958
2.9154,6.1125
5.7975,0.75899
0.079853,-0.13318
1.0659,-0.24484
3.9771,1.6047
-1.8008,1.0895
-0.90984,-4.2654
0.88882,0.60465
2.4114,0.20342
0.72703,-4.8568
4.833,2.9143
2.3824,-1.1145
2.4539,0.17969
-1.1101,1.9858
1.176,-1.9457
0.76396,-0.38674
2.7981,-0.39686
2.0507,5.2287
3.8912,2.317
0.037141,3.3638
5.3816,-0.6003
-0.86338,-3.6588
0.63007,4.2628
-1.7704,-1.4753
-1.6779,-2.553
1.2483,4.1551
4.1355,-1.8417
3.2614,6.06
0.56913,-4.0176
0.073378,2.7624
-0.89725,-2.0376
0.81551,-4.0553
-0.8417,-2.3248
-1.7543,-2.0139
0.79919,-1.4585
4.5099,-1.0728
-0.68483,-0.15668
0.96235,0.026417
2.7472,6.1916
3.5534,-1.7363
0.69608,-0.92419
6.1668,0.55664
3.2851,3.9386
-1.8334,-1.2159
3.5112,1.5147
2.0709,5.3964
5.6768,0.80215
-1.4661,1.0333
6.2409,-1.81
5.8342,-0.52951
0.68032,-1.5271
2.4909,4.867
4.5902,-1.6361
0.99558,1.3792
-0.19915,-5.1306
4.9676,0.70887
2.1909,5.4803
4.8696,-2.1145
5.1082,0.84627
0.63437,3.5802
5.5056,0.075935
3.8011,-3.0555
4.1622,3.0391
1.3626,4.5194
6.562,1.739
1.4276,-1.5725
0.63244,-4.2838
6.3177,0.24152
5.0836,-3.4327
-0.19013,-3.5015
4.9094,-1.3532
-1.923,-2.4834
5.1312,0.13952
0.86579,-4.3834
0.13283,0.39384
-1.53,1.7333
1.4844,5.139
-1.009,-3.3891
-0.7253,-4.3196
-0.36052,-4.4936
5.9896,-1.1686
-0.67747,-2.8125
3.3813,-2.1242
0.1229,3.1916
2.6574,-0.011731
1.3047,-2.1337
-0.99792,2.0393
1.2717,-5.1872
2.9588,-0.047621
4.0627,-1.3074
6.0225,-2.6206
2.2523,0.65438
4.7083,-2.052
1.0791,-0.79114
1.5687,4.1292
0.49077,-4.2697
-1.6566,-1.8809
0.42148,-4.7634
-2.122,1.2819
-1.3104,-1.512
4.7983,1.0131
0.14246,0.30705
1.2304,1.6542
1.1657,-0.83608
6.2077,0.72103
-0.10014,-5.483
-0.63461,-1.9585
2.1915,4.9644
-0.78069,2.648
-0.52895,2.9857
4.6837,-1.1613
-0.26486,-4.118
-2.1473,1.4251
-0.2085,-0.51865
5.5271,0.87617
-1.0049,-1.9773
0.4698,0.016342
6.8216,-0.096669
1.4764,1.2032
3.5975,1.8781
4.6544,3.0872
-0.2719,2.7958
0.49432,-1.2192
2.6474,-0.77608
3.2659,-1.9238
0.8633,3.5624
2.446,-0.53383
-0.33852,-4.045
0.29064,0.38869
4.0667,-1.7924
5.739,1.8436
-0.39278,-3.6025
4.7978,-2.3194
4.7048,0.46218
1.497,0.64693
3.2607,-1.9808
0.0022265,-5.2359
3.4669,1.7675
6.5702,-2.1249
-0.22844,-2.4769
4.728,-1.8072
-1.1627,1.3733
1.7284,-0.33204
-1.9592,0.77911
1.4382,0.059996
0.41837,3.4564
0.34574,-3.6551
0.81721,-4.2913
3.4657,6.2797
0.27424,0.57864
6.0554,0.67894
-0.75248,-3.766
3.509,1.5789
0.12914,3.7399
-0.19236,-3.4905
4.2091,-2.3738
3.7664,-2.1293
0.19924,-0.02283
2.9167,-0.16017
-0.012563,-0.097771
-0.87059,-4.1102
5.4388,0.67973
6.2303,0.021525
-0.28498,-2.1715
2.7221,0.30587
1.256,-0.4358
6.0258,2.2581
5.7144,-0.44989
-0.58671,1.7639
-1.0718,-3.7581
6.7161,-0.20645
1.6373,0.16273
0.13888,3.3486
3.8405,2.4101
0.92387,-3.9362
2.9927,5.7426
0.9884,3.8651
6.3145,1.7209
4.4538,1.7711
2.4666,5.7716
-0.014219,-0.030595
1.0631,1.7385
-1.6747,1.9376
-0.40575,2.1018
1.8924,4.5766
5.8783,2.9259
4.0751,-2.2249
-0.68705,2.2691
4.0988,-2.732
0.54765,-4.5929
-2.2735,1.3265
1.5489,3.9176
0.91841,3.8852
0.82762,-1.5599
4.6939,0.77834
3.8533,3.4767
3.9492,2.0176
4.5729,-1.3193
3.7517,6.0522
0.56641,-3.6711
-0.46928,0.20336
-0.55282,-1.9024
-0.93475,-1.7801
6.4955,-0.19369
0.46197,-3.063
1.2557,1.8222
1.117,0.62643
1.1367,4.0943
0.89901,-4.2577
2.0197,5.3068
0.93357,0.88969
3.4889,6.0034
0.62674,-5.5272
-0.8401,-3.8411
5.3076,1.0164
-0.13023,-5.0998
0.52831,-5.0609
6.5495,-1.5185
3.3879,-1.5981
3.6687,3.2147
-1.6521,-2.7813
4.3993,-1.3584
5.0249,2.4917
-1.4743,-3.7548
3.7694,-3.4419
-0.8507,2.6934
6.7356,0.764
5.7525,-2.5355
3.5891,5.9272
3.0811,6.7565
0.14817,0.49545
0.89934,0.67158
4.748,2.0312
-0.19778,-3.5919
2.6426,0.54428
-0.68761,-1.6951
1.8699,-0.51073
1.8498,5.2096
5.0251,-1.3363
3.1461,5.6279
1.0225,4.1365
0.25096,-3.5375
1.5885,0.94928
6.2559,1.1726
3.1828,0.071654
-1.0523,-3.6692
-0.81388,-4.7548
2.4986,-0.56621
5.4939,-0.86527
-0.64843,-4.8406
-2.0493,-1.4859
0.37103,-3.1823
-1.9805,1.303
-0.89987,-1.3777
0.56519,3.5326
0.97767,1.2309
3.3779,-3.6283
3.2753,6.2645
0.87652,0.22109
3.3913,1.8169
-0.23724,-2.0349
-1.0716,-4.1901
-1.1748,2.1513
6.6064,0.28432
4.7143,-0.69602
4.443,-3.4202
2.5993,4.8832
5.4402,-2.2557
6.5812,-0.104
1.2302,-1.4934
0.99133,-0.78154
0.3588,-4.5305
3.2457,3.4151
2.5093,5.1411
1.954,0.56977
-0.54446,-1.6426
-0.62205,2.4457
-1.1462,2.518
6.5364,0.38918
-1.776,-2.4627
5.4286,-0.85062
0.49223,-0.017105
-1.3256,1.8218
5.2903,-1.0433
0.562,-5.6538
2.5263,-0.30707
2.7032,-0.18008
1.8869,0.1271
0.3338,-3.5632
2.4676,-0.75096
4.2904,1.0805
3.991,-1.6205
4.0743,-1.2854
4.5393,-2.1329
1.1225,0.028852
5.0763,-1.7052
4.8008,-1.534
1.6688,1.4389
1.6278,-1.3308
4.003,3.2096
2.7361,0.15793
1.0276,-1.7901
2.7195,-0.1388
2.9113,5.8581
-0.10491,-3.4849
4.0966,-3.263
3.3582,3.5839
1.148,-4.46
0.97393,3.4593
0.18405,2.7644
0.99487,3.7578
-0.46987,-1.9079
0.67851,0.29921
3.4475,-1.5266
-1.9288,1.6284
5.6451,1.1319
3.3779,5.8898
3.7971,-3.1141
4.304,3.3846
1.4084,-0.7808
1.9732,-0.74553
0.34555,-3.2355
3.3632,-1.5763
3.5433,-2.6528
0.17078,-5.5721
3.563,6.3026
-1.2376,-2.9109
1.3927,1.8961
0.083042,0.42729
5.7877,0.72454
4.6459,2.6867
6.7967,1.5146
5.643,2.2178
1.9351,5.5593
-1.1072,-4.2242
1.4752,0.60379
1.2716,-1.7962
1.529,0.19442
1.7212,5.048
2.9513,-0.48745
-0.76635,-3.9837
5.3883,0.33987
5.9682,2.023
2.3264,0.98042
2.701,5.8623
2.8236,6.0841
-0.47366,-0.18509
5.3398,1.1526
-0.87414,-1.5791
0.2816,-0.63426
-2.0965,-1.4409
1.0204,-1.6617
5.4588,0.065597
5.4342,-1.2684
0.43422,-0.094775
0.67052,-0.10087
0.63411,-5.7919
4.2496,1.8683
4.1159,-3.0408
6.5398,1.5257
0.56838,4.1157
0.81125,3.6232
1.8466,-1.5281
-0.68185,-4.2271
0.57361,-5.6693
5.0454,2.4728
0.28119,-0.49775
5.8525,1.469
2.5698,5.0765
-2.0434,-2.0153
4.2558,-2.3465
-1.1413,1.194
1.8881,0.13087
0.55882,-3.2054
1.7294,-0.88979
3.3641,5.758
4.1923,3.5657
4.7026,1.1822
1.2081,1.5707
-1.9139,1.5559
1.6189,-1.3766
-0.15196,2.2301
-1.2405,-1.9711
-2.2649,1.2805
0.61501,-0.4156
0.11051,-3.0514
-0.37913,0.0057105
1.6003,5.0771
4.4947,-2.0155
-1.2664,-1.6547
4.7778,-1.6601
4.1723,-2.377
1.0645,3.6275
6.4779,-0.69541
5.5743,-2.4274
3.3181,-0.1892
4.2177,1.1904
5.9802,0.9338
-2.3769,1.1482
3.6977,3.2688
5.6398,0.55716
2.6515,-0.037652
2.7041,0.2874
6.6208,-2.0336
-0.028155,3.5041
0.30741,-0.13327
5.2635,-0.65402
-0.30912,0.076411
1.2246,1.5557
5.8325,1.2324
-0.16223,-2.1715
5.4151,-1.505
4.9617,-0.70573
5.9024,-1.1921
2.6608,0.16604
0.088298,0.067676
3.7977,-2.1802
-1.4483,1.6785
-0.75868,2.3526
0.4992,-0.91411
5.5136,2.5816
-1.0982,-2.042
6.4975,0.74672
2.0262,5.3874
-1.9374,-2.5284
1.1943,4.2114
4.5542,-2.3104
1.0463,1.7391
5.0631,1.3421
3.4942,1.4793
-1.4513,-3.4759
-1.5952,-1.5321
1.8733,0.36423
1.2548,4.1171
6.2021,0.73827
3.8667,-3.6219
4.804,-3.2951
-1.9301,1.0229
5.7762,-1.8701
3.3374,0.02821
3.446,5.8881
-0.72201,2.8518
1.9348,5.3892
-0.75286,-3.1209
5.5976,2.1862
1.1144,3.9787
0.90682,-1.3514
0.18845,2.5698
-1.8097,-2.0146
4.0997,2.3063
7.0724,0.89614
-0.43797,-0.28795
0.6635,-3.4866
3.6466,-1.7219
4.7756,-0.37336
-1.849,1.2422
4.6003,2.7472
5.5065,2.4318
0.60061,3.2838
-1.3019,-1.6845
-2.036,1.4778
3.9545,-1.6292
-0.36618,-4.8122
1.8875,-1.1476
6.0156,-1.0362
3.8391,3.9275
4.5009,-2.5348
-0.80041,1.9713
-0.17705,-3.271
0.11513,3.5017
-1.6298,-3.4991
4.7201,-1.5287
2.3158,0.46289
3.5108,3.0099
3.4295,-3.7814
0.61378,-3.285
6.0701,2.271
-0.68873,-1.9644
5.4216,-0.76356
-1.8571,1.5581
-1.0592,-1.923
1.943,0.080522
5.9511,-1.1003
4.9558,1.4478
5.4614,-0.8645
-1.7947,0.91096
3.3661,3.7106
-2.3491,0.97591
5.9894,0.45324
6.3698,0.56533
5.2983,0.6324
4.0564,2.4368
-1.2993,1.4601
1.2058,-1.6073
3.0156,5.418
2.6483,0.39025
3.9952,1.2982
2.3088,5.8557
3.6368,-3.6063
4.6767,0.43086
1.895,5.43
-0.94944,2.4116
-0.044724,-3.7771
1.528,4.5673
0.63367,-4.3866
4.2817,-2.6489
0.91421,-4.6936
2.3415,-0.79685
3.5222,-2.247
2.1669,5.1046
1.6446,0.20501
3.2536,-2.331
-1.4557,-1.3153
2.3129,0.55704
4.9283,-2.2373
6.768,-0.97624
0.46403,-5.0783
0.41884,-4.0786
1.1703,0.58215
-0.44161,-2.6872
0.15633,-0.093089
-0.63171,-0.043407
0.10753,-4.4194
0.013765,-0.80354
-0.7141,-2.5152
5.7163,1.4563
2.7994,5.5158
2.419,0.10715
-1.1571,-4.1648
5.2354,1.9809
1.3408,-2.054
4.2806,-3.1505
3.4774,-2.4042
5.818,1.0111
5.8324,0.27
4.9931,1.8817
1.8899,5.0338
3.3818,5.7097
3.3672,2.9903
0.35757,-5.9114
-1.0151,-2.9752
5.9463,2.019
-1.1331,-2.5077
4.015,-3.454
3.269,5.8841
0.35433,-5.1474
-0.82076,-4.7597
-2.0769,-1.6016
3.5341,2.4603
3.4917,2.0547
4.4516,-1.9664
6.8408,0.10198
2.1082,0.3267
-0.39764,1.9282
-0.41,-2.4096
2.8403,6.3996
3.9194,-3.4567
0.52648,-1.0888
6.0909,-2.6774
3.6878,-3.7289
-1.6373,1.1462
1.0619,0.34488
3.3719,2.2276
1.4984,-0.028436
0.50759,-5.5729
0.99734,1.2753
2.9388,6.2889
1.5245,5.0489
4.5842,-0.66335
6.6718,0.42161
6.9412,0.77956
-0.45452,-4.6761
1.3259,0.9543
3.4843,2.061
0.95453,4.2768
0.96966,-0.24415
0.98088,3.5492
1.9768,0.64489
1.6166,0.63741
-0.399,2.1523
5.5278,-2.5155
-0.72535,-4.878
3.6757,3.4004
-0.8348,-1.4998
5.9771,0.75537
1.3144,-0.16924
0.76075,-4.6585
6.0397,-1.0419
6.051,2.5956
-1.9031,-1.3963
0.34802,-0.031331
6.2457,-1.1838
5.3008,1.315
0.23654,0.12159
4.8186,3.1582
5.3247,1.8933
4.5863,0.69227
1.7842,4.3109
5.2662,1.3509
-1.5518,-2.3332
3.7841,1.6498
5.819,1.2335
0.30532,-3.2214
4.5147,1.2803
-1.1498,-3.0879
-2.446,1.1595
-1.0784,-2.2134
6.7244,-0.14994
-1.3377,-3.7771
3.7682,2.3115
-0.061327,0.33426
-2.2188,1.0421
0.27271,-4.6608
4.6377,-1.099
1.5064,1.5417
2.018,0.66354
-0.47508,-3.6005
3.1759,6.5177
2.4555,-0.08733
-1.9457,-1.9181
-0.10916,-4.5568
5.2245,-0.82176
0.62079,-3.9763
4.8633,0.8922
1.6541,-0.27853
1.7784,1.4715
-1.9533,-2.2798
3.3126,-2.1213
-0.35249,-4.5737
6.6436,0.90281
0.76272,1.2933
-1.4754,-2.4843
1.5826,-0.43
0.20411,3.3648
1.8571,0.49924
0.43368,2.7232
4.6388,-0.78803
5.1924,-0.37322
5.921,-1.3268
0.62499,-0.38462
-0.55208,2.9414
2.0984,0.68408
0.077862,-4.8188
2.2254,5.334
3.2888,2.6816
4.8704,-2.8338
1.9067,-1.3069
4.655,-0.62457
-0.60788,-3.4665
0.094653,-0.70599
-0.14443,-2.3336
-0.29342,-3.0064
6.7612,1.4576
-0.23689,-3.8796
-2.0674,0.832
2.1833,4.9327
1.1054,-5.2741
-0.80649,2.0737
2.1365,5.4758
1.0029,-1.4099
0.83426,-5.4089
-0.13785,-2.8873
4.9454,-2.3616
-0.92559,1.4405
-0.11861,-2.3448
4.2012,2.799
-0.36592,-5.1512
0.84431,-4.7975
0.3694,0.10568
-1.0605,-3.929
1.0221,3.6332
0.66891,-4.8686
-0.73297,-3.1617
3.2271,-1.6041
3.9124,1.4973
-1.1725,-2.3851
4.6018,2.7464
0.45615,0.050592
5.1039,0.14637
-0.16768,0.12993
4.3767,-2.8656
2.2613,-0.30648
0.22949,-3.7103
-0.30582,3.0771
4.8919,0.53482
0.74689,-3.9764
1.4416,1.2493
1.0471,0.28714
-0.96141,-2.5167
0.20805,3.6479
4.1853,2.8918
-1.3173,2.1785
1.4598,4.0588
3.581,6.1423
5.4042,-3.2205
0.74304,0.60159
-1.7882,-2.6539
1.1364,1.3722
2.3845,5.7826
4.5103,-2.4665
1.2688,0.35843
0.22085,-2.8984
6.8437,-1.298
3.1921,6.2623
1.0963,-4.5661
4.1811,2.8906
0.32137,-5.2123
-0.44926,2.2094
1.166,-5.0511
0.33384,0.72905
1.3705,-1.0703
-1.1772,2.1464
1.929,1.3483
5.3652,0.14604
2.3083,-0.71564
0.14151,-4.3242
2.465,5.1607
5.382,-2.1435
-0.49468,-0.1337
0.094157,-0.75736
-2.0776,-1.9313
4.5173,1.2002
1.9478,-1.1492
3.1843,-0.29472
-0.12193,0.092501
-0.066205,-4.1161
4.1859,-2.2272
-1.2332,1.571
1.3808,4.2424
0.30043,2.9464
7.165,0.066071
3.6375,-2.2621
0.76295,0.12961
5.4307,3.1264
-0.58251,-2.6119
0.76057,-4.7414
4.5118,-1.4901
4.8512,0.37877
0.065568,-4.0665
1.5831,4.5717
4.582,0.87476
4.7005,-0.79852
0.54527,-4.8131
-0.17724,0.16794
-1.0353,-2.7478
0.2477,-4.3227
1.5266,0.90719
5.9636,1.2194
4.9456,0.94457
-0.8555,-3.7638
0.48785,-0.34023
2.1847,-0.38398
-0.092302,-3.4008
-0.090921,3.4762
0.33086,-4.2571
-0.00065155,2.5561
4.1964,-1.1218
-0.22659,-3.4149
4.7066,1.1425
4.9238,-0.19308
5.3212,-0.32172
2.5237,-0.51965
0.85886,0.14776
1.9711,5.2584
-1.5879,0.995
0.62946,0.543
1.1424,0.56278
5.2985,1.2378
1.3491,0.23348
0.48838,0.87315
6.4607,1.1512
3.7476,-2.4857
0.21579,-0.21006
0.62226,-0.55365
1.9555,1.353
0.89214,-5.3124
4.5182,-2.0912
2.164,-0.0043464
-0.82241,2.5143
6.8978,0.97157
-0.93674,2.3631
1.0769,-1.2432
6.262,-0.24182
-1.027,1.2821
6.8983,-1.0184
-0.44775,-2.3879
4.3352,-3.2138
-0.94945,1.738
3.8214,-3.5001
3.6877,-3.439
-0.21952,-4.289
5.4788,-1.8713
6.6289,-1.5559
-0.3452,-5.1147
5.399,-0.91811
0.60719,-0.67729
4.7197,0.91964
1.4054,4.1063
1.0205,-0.49259
0.014869,2.9187
-0.10572,0.46958
6.0534,-0.98803
4.9019,-1.006
0.99381,-4.3359
-0.61553,-4.7297
0.52285,-3.4956
-0.82753,2.8368
4.7044,0.83549
4.6497,2.0511
6.6008,-0.033613
0.73062,-5.4768
-0.65021,-3.8719
3.6485,-2.7189
-0.65059,-3.7583
-0.12008,3.2413
-2.3327,0.91998
0.76487,3.4021
5.1869,-1.224
-0.084265,2.7399
0.5811,1.1688
1.6249,-1.2149
-1.6338,1.8397
5.7876,0.32078
2.5165,5.9273
0.98918,-5.3912
6.3576,0.17446
-1.7999,1.238
4.2013,3.4376
4.6903,-0.99366
4.4253,1.4543
-0.76487,2.8274
1.2417,0.1733
5.0737,1.3604
-0.98467,-3.2756
4.4755,2.2288
6.1364,0.37636
3.0378,6.3021
-0.51864,-2.5335
1.4472,-1.8585
5.1983,0.79814
4.5334,-1.8654
0.59593,3.0706
0.30341,-5.0014
5.4414,-2.4612
3.6476,-2.2706
-0.64843,-1.6804
4.5848,-2.1125
1.3216,4.0683
-1.4958,1.65
2.2485,5.8473
6.6677,-1.5759
1.1023,-1.3601
-1.2863,-2.7261
0.27455,-0.57241
0.16011,-4.7276
0.70699,-0.51954
4.2011,3.4399
-1.1727,2.3537
2.3033,-0.098881
0.93305,-4.1189
-1.4182,-1.3347
4.7463,0.25317
1.0352,-4.7094
4.6524,2.0428
0.78411,3.6234
2.6375,6.1083
5.1971,1.1087
5.0107,-3.1994
2.4255,-0.63234
0.6552,-5.2285
2.0871,-0.95989
-2.0588,1.0238
-1.0806,-3.5727
-0.87805,2.7401
-0.99314,2.1071
5.9202,-1.2741
5.277,-3.2583
-1.1589,-1.9003
3.7371,1.4603
4.4948,2.0276
1.6767,-0.038197
4.9098,1.5848
3.0766,6.3321
0.10862,2.3827
-1.4265,2.1188
-1.8691,-2.333
4.3477,2.3538
3.2027,3.9921
0.36216,3.9421
0.42511,2.712
5.3776,3.1012
1.3549,0.7498
2.8678,5.8206
1.1419,3.7826
-0.22632,-0.17514
3.7249,1.8719
-1.7513,-2.5314
4.3882,-2.3161
0.91499,3.3956
-0.13274,3.421
1.5151,-1.2294
4.8748,1.1923
6.3136,-1.6715
1.068,-4.8129
-0.18358,-3.0309
-1.5072,-2.7259
0.21633,0.27859
-2.0544,1.2809
-1.4281,2.0608
0.38309,-0.032694
-1.3993,-3.6907
-1.4938,1.973
1.4025,0.24163
2.5371,5.6876
-1.5106,-3.5021
-0.33941,-2.8338
1.2357,1.8239
-0.1583,3.1109
0.42974,2.8216
0.085673,-5.6368
0.43841,-1.1097
1.3353,1.2361
3.5042,3.3523
5.5164,-0.95116
3.0802,-0.11081
3.4786,1.5343
-1.9965,-1.621
4.3475,-2.4977
5.6811,0.97931
1.209,1.2265
4.121,-1.5625
0.63105,-0.99228
-1.041,-3.5843
-0.84836,2.565
0.78484,-1.4056
0.4655,-5.1396
6.8714,0.15931
6.554,-0.16713
4.7072,-0.70556
1.9659,0.77034
1.7659,1.2401
2.0674,-1.1061
4.1218,1.3103
2.4875,6.0666
1.5173,-1.0996
1.4179,1.2628
-1.0286,-3.9392
-1.2801,-1.93
5.2617,0.59936
3.2672,-0.13012
5.464,-1.9521
2.2816,-1.236
2.6663,5.5995
2.5717,5.6378
4.7136,3.4392
1.8106,1.4558
1.0729,-0.63237
4.8525,-0.16089
3.5161,2.8817
-0.7818,-4.8609
3.2369,6.2444
2.2435,-1.0363
0.83911,-4.5204
0.59226,4.0743
-0.86556,-2.6187
0.79232,-1.5561
3.5856,6.3017
0.78517,0.04763
1.6918,-1.2257
0.30248,0.94977
-1.6827,-3.2824
0.041821,0.44715
3.7534,-2.969
1.3625,1.546
-1.8009,-2.0025
4.6327,2.3758
5.4444,-2.136
5.6176,-1.5965
-0.5359,2.8858
1.2662,-5.0957
3.3277,3.5669
1.0508,0.1003
2.1895,0.34016
1.3842,-0.47777
-1.6647,-2.7482
3.5626,5.8693
2.9613,6.2189
0.98864,-1.6929
-1.5989,-2.4392
-1.6663,-2.4617
6.5446,-1.4232
5.7459,0.91994
0.98207,-0.19108
5.9763,-0.61099
1.8193,-0.92691
3.7528,-2.4103
-1.2994,1.6825
2.4316,-0.31476
0.6313,-4.8586
-0.77076,-4.1946
4.4478,2.1433
-0.76218,-2.2457
-0.45332,-5.1291
5.189,1.2312
1.9972,-0.98658
0.1377,0.48057
-1.2791,-3.8944
-1.8593,-1.3714
2.7879,5.586
1.0207,1.5439
4.224,1.2696
-0.033392,-5.5459
1.4177,0.33698
3.3605,1.704
0.015128,-4.3416
3.6994,-1.5275
0.15887,-0.63204
4.6576,1.1239
-0.75005,1.517
-2.3275,1.3119
4.9937,2.5883
-0.7483,-2.1682
3.8088,1.9787
-0.059323,3.4998
3.5394,2.7393
4.3861,-1.4479
3.1082,-0.17579
5.0334,-0.14408
-1.6549,0.64639
-0.5062,-5.1237
2.0271,5.3001
2.2543,5.1906
1.8098,-0.36335
-2.1411,1.0913
3.7987,1.4441
1.6638,4.7013
0.5353,-5.4736
1.1723,-5.4731
2.5072,0.47078
4.2407,-2.2454
3.6113,3.4374
5.199,0.73381
0.83036,4.3389
3.3258,2.164
-0.51146,-4.3885
1.9146,5.1251
3.4079,2.6737
0.15722,-3.4084
5.843,1.5801
1.1922,0.71365
5.0325,1.938
1.3033,-1.7717
0.87291,0.96847
3.2528,-2.9781
1.475,-0.53661
0.57033,3.9349
0.034635,-2.8238
-1.5076,-3.1967
4.371,3.386
-1.2134,1.3343
2.5453,5.74
0.64503,-0.53206
1.1056,-4.6222
-0.52471,-3.0838
0.6851,-3.6977
-0.8734,-2.351
0.50643,0.054306
-2.0319,-1.459
4.8461,-0.21477
2.72,5.8389
2.3989,0.67755
2.5051,6.146
-2.1916,0.80066
0.040266,-3.9579
-0.15221,3.5227
6.131,1.1017
1.2198,1.9248
-0.26696,-2.815
-1.5443,1.0975
3.6358,1.5612
-0.94975,-3.8013
3.376,1.6331
0.61381,-3.7362
-1.2276,-2.0384
2.0998,5.5984
-1.7216,0.68714
3.413,-3.4452
0.24065,0.025113
5.0974,-1.939
0.86303,1.4108
0.17794,-2.9109
-0.48971,3.0411
6.1121,0.55857
0.25238,-0.6126
-1.9633,-2.4067
3.0086,6.3247
3.6323,6.0511
5.2389,0.77553
5.5578,0.42998
2.1976,-0.723
4.905,-1.2098
0.82367,-0.14107
3.5274,1.8338
1.4913,1.2816
2.5656,4.9957
0.89423,3.9
2.1058,5.302
4.6716,-1.7854
-1.1347,1.5311
1.0716,-1.8619
3.9999,-3.1473
-0.66398,1.9688
2.8617,0.31959
3.6197,3.726
0.70062,-0.16962
0.070117,-0.53685
-0.09954,-4.1497
5.8509,1.5494
2.9057,5.4154
0.024233,3.1577
-1.3205,2.2675
-0.15822,-2.6302
5.098,-0.29674
6.562,-1.8753
-0.58225,-3.8179
-1.9804,-2.3594
5.8034,-0.77797
-1.7104,-2.1645
-0.38062,-4.4595
0.7556,-5.2587
-0.60388,0.026937
0.95601,-1.5588
4.0346,3.7077
-2.2329,1.1347
2.9042,6.4167
0.51262,1.0851
-0.92942,-4.1331
0.68217,-5.5275
4.7024,-3.1247
1.3391,-0.6254
5.2376,1.1101
6.4822,0.26693
3.5771,-2.2074
-2.0686,-2.2776
0.50056,-0.76524
0.71542,-4.969
-0.66736,2.9383
5.4497,2.4082
0.1402,0.086658
5.3211,-2.4974
1.9789,5.4596
6.8444,-0.15434
-1.1387,1.5943
3.645,-2.1327
1.6391,1.1239
5.8597,0.29468
2.4777,0.41559
-0.97,2.1017
0.22444,-4.2561
2.3208,1.0522
0.55269,-0.091504
6.7876,0.42882
3.5584,2.4215
4.9896,0.96632
5.3655,-1.755
2.7203,4.9841
5.6346,-3.0426
7.1296,0.4607
4.1234,-1.3241
2.124,0.76681
0.35753,-4.9946
0.66916,0.80213
0.48771,-3.4697
-0.10948,-3.7032
-0.34896,-2.1027
-0.2616,-3.27
-0.041673,-4.1577
3.3183,2.4523
0.57474,1.2103
4.9735,-0.024713
5.1397,1.4301
6.1362,1.182
-0.55311,-2.3792
-0.49197,-2.0472
6.8767,-1.5744
0.073236,-3.4541
1.2612,1.4982
-1.676,0.69285
2.842,6.5049
0.7771,-4.6052
1.2448,-1.5212
-0.602,2.423
-0.026225,-5.2124
4.5005,3.0917
3.545,3.2622
0.7743,-0.61263
5.4911,-0.60968
5.6025,-1.9363
3.8167,-2.2761
0.91643,-5.9957
1.9161,-0.70416
5.2223,-2.5239
1.5515,5.1584
3.281,-2.4768
1.4921,4.3466
5.7223,-0.42068
5.7233,-2.8979
1.6846,-0.3844
-1.4597,-2.4528
0.61865,4.2398
1.3064,1.6878
3.8139,3.1218
1.8768,-0.51468
-0.72627,2.0256
-0.06601,2.8207
6.3916,0.17425
6.8179,-0.936
0.50353,3.5595
6.1924,-0.69165
6.5834,0.14269
1.6771,-1.0932
3.9602,-2.9035
3.7272,-2.4896
6.8592,-0.54863
1.0025,3.8357
6.0653,-2.4884
3.4103,-2.1806
6.3393,-1.821
5.7364,0.23189
2.5491,5.177
5.2194,-1.7186
0.16917,-3.72
1.1586,-5.7049
5.5319,-2.0503
3.9644,2.6931
-1.7454,-3.1296
4.9075,0.4987
4.8446,-2.506
5.1361,1.4044
0.47391,-0.85835
0.67275,-0.90718
2.7014,5.0706
4.8881,-0.016208
0.64169,0.86552
3.5942,-1.5273
4.0233,-2.3538
-1.4467,2.0103
-0.7613,-3.0334
0.15612,-4.9304
5.8451,1.9682
1.6971,0.81458
4.9235,1.6108
4.4526,1.1221
3.8884,-2.7128
0.23215,2.7093
0.018724,-3.4363
0.76041,3.8498
4.8408,-1.2432
1.3772,-0.97222
0.22657,3.1475
5.4298,0.78999
0.65623,-1.1784
0.13684,-2.6956
-0.91608,-2.609
4.3975,-1.463
4.311,2.8115
6.568,1.6452
4.0986,3.4086
1.3605,1.2008
6.0929,-1.6333
2.937,5.5917
-0.061763,-4.3923
-1.0564,-3.3509
-0.0071204,-5.0363
-1.1017,-2.4847
1.5688,4.5004
1.5987,-0.5809
0.48605,-4.9292
4.5317,1.0912
-0.62461,-4.9876
0.59376,-4.5423
0.84965,-4.2423
1.4305,3.8984
-1.4318,-1.7145
3.2117,5.6662
-1.2458,2.2004
2.8377,6.059
5.634,2.4074
2.7037,-0.3559
2.9801,5.6427
-0.071499,-3.9921
-0.58225,-2.2919
5.491,-0.41038
-0.11754,-5.6056
3.6232,1.8063
0.077512,-5.4649
3.6833,-1.8666
1.7161,4.4419
1.8962,4.6502
0.25929,-0.49897
1.5517,5.1086
-1.1339,-2.6378
-1.2498,-1.4749
-1.1022,-2.0456
2.1724,-1.108
-1.618,1.1643
-0.0053024,-4.1297
-1.432,-2.5522
2.4161,5.798
3.0364,0.10259
-0.7619,2.8062
-0.25586,2.135
1.6954,-1.5106
3.6636,-3.0846
4.6279,1.9414
0.52851,-3.671
-0.30022,3.329
2.2749,0.70839
1.3949,1.9376
5.9219,-0.86389
4.4664,-1.2327
4.4741,2.9299
4.5141,-2.0634
0.98069,1.2911
3.6725,2.1181
-0.91557,-4.6768
5.3641,-0.53282
1.2351,-5.1434
5.5972,-1.4731
0.72496,-0.019812
2.4143,-0.55618
3.5333,-2.0384
-0.021741,-0.41725
0.97989,-1.3858
0.38164,-0.0028489
1.9205,4.5417
-1.7577,-2.0505
4.8482,-0.37954
-1.3161,1.8966
-0.60468,-3.1381
1.3712,1.1177
2.9067,0.15874
3.6843,1.5187
-1.5861,-2.113
5.7244,0.12209
5.3104,-1.4706
3.773,-3.0831
1.7319,0.64917
-1.3465,1.8069
2.9753,6.3887
4.9384,-0.019154
3.4924,-1.6663
-0.44101,2.0372
3.2847,6.1225
5.772,1.44
1.8565,-0.99573
3.8657,1.8432
0.36725,3.7783
6.0528,1.5737
1.0379,3.8791
2.6072,6.2554
-0.70598,2.15
0.72216,1.2665
4.2234,-1.1649
-0.54529,-4.8431
1.0036,-0.87634
1.2024,0.31412
1.807,4.246
1.9726,0.9522
6.7047,1.713
1.6985,-0.67191
0.83999,3.7205
1.3703,1.3392
5.0591,-0.087235
4.4212,2.2165
0.48522,3.4946
3.3795,-3.5553
3.3011,3.6237
5.5431,-0.070185
5.3748,-1.7376
5.3943,-2.0658
0.80021,0.76956
5.2765,-1.4272
3.2481,6.3469
1.1645,-0.017068
1.1818,-1.0711
1.5314,-1.3043
0.081556,-5.2605
3.3076,3.8325
1.94,-0.26311
-2.0245,1.0199
5.4309,-2.7982
0.93978,-4.0181
3.175,5.4587
4.8132,-0.28506
3.1678,5.783
-1.8586,-2.6722
1.1273,4.1036
4.0203,2.9088
4.7027,3.6261
-2.1998,1.1164
6.9723,-0.91283
1.8305,5.3304
6.6188,-0.24653
-1.1924,-3.6443
3.3756,-3.4429
1.134,0.98792
-0.075678,2.5116
3.9405,-2.6326
0.25188,3.6741
-1.0883,-2.2775
-0.81585,-3.953
1.3653,3.8225
6.4542,1.5621
3.1162,5.6683
-1.473,-3.1111
-2.43,1.2322
3.7044,2.6459
6.7247,0.58894
3.3873,6.008
0.23515,0.17513
-0.24087,-4.5813
5.7105,1.0864
6.0293,0.30175
-0.42261,-3.6958
-1.089,-3.0128
-1.0615,-1.8176
-0.98901,-4.528
0.37953,-5.2139
2.609,0.30089
-0.90318,-2.8122
5.2972,-2.6244
4.5176,2.3432
-0.75266,-4.3831
5.1169,0.18279
1.1917,4.8307
-1.4124,-3.2779
5.6634,-0.48211
1.7086,1.6196
5.1713,2.3292
-0.34542,2.5905
-1.4573,-3.7872
3.4581,2.4481
-2.0933,-1.7812
1.814,0.042501
4.368,3.315
1.8174,-1.0403
2.7199,5.714
-1.1933,-3.2124
1.7772,0.33615
1.7076,-0.63826
4.572,2.5231
4.014,2.324
3.2366,3.6274
1.0373,0.12001
4.258,-2.7911
0.68422,3.7021
3.3075,5.9979
0.6239,3.8261
-0.075402,2.8573
6.3335,-1.1872
1.5452,-1.1924
0.42106,-4.0574
1.4198,0.048685
6.3666,1.8737
0.24427,-4.0527
5.7315,-0.15217
5.5706,0.3751
1.5383,4.8435
0.47682,-4.894
6.9442,-1.3564
1.4228,0.85396
1.5329,-0.90122
-0.89515,2.6226
5.2509,-0.20287
1.9962,0.95394
5.6224,-0.29821
6.1961,2.2417
-0.36028,-5.2404
0.72107,-1.3762
-1.4091,-1.4157
1.5551,1.3574
5.2578,-0.01888
0.63168,-5.5121
5.4207,0.65078
0.72464,-6.0027
5.1373,-1.9629
-1.9747,1.4626
-0.27947,3.3819
4.6672,2.7233
2.0106,4.4193
2.8622,-0.10027
-1.048,-1.6823
5.74,0.49968
1.1973,1.215
5.0802,-0.32586
2.4265,5.2569
2.8652,0.083898
5.7688,0.20242
4.0526,2.8882
5.3926,-0.60165
6.8381,-1.4506
0.16849,-2.5949
1.8861,0.2234
4.7506,2.0123
-1.7675,1.3255
1.8822,1.3617
-0.92771,-1.3608
4.5316,-1.0776
3.1767,-0.08014
5.0544,1.1386
0.71226,-6.0017
4.954,-0.19854
-0.78589,-3.2346
2.4132,5.7714
5.2774,-1.7442
3.1647,-0.16201
6.8798,0.38111
2.3067,-0.80963
2.6591,-0.23821
4.9525,-0.2112
6.757,1.6208
0.44617,-0.69965
4.2979,1.5599
3.6856,-2.6202
2.523,5.2099
4.8225,-2.5371
-1.5421,1.6469
-1.6255,0.86867
0.88398,-4.3129
3.3716,6.2604
2.8195,0.52006
3.2146,1.8146
-1.0321,2.2799
2.8979,5.67
3.805,2.4914
6.1387,-1.3903
1.2837,3.9
4.2189,2.1928
1.1009,-0.44687
1.6417,5.0042
-0.37059,-1.968
-0.85677,-4.7024
0.25773,-4.5274
0.71279,1.3508
-2.2322,1.2876
-0.81661,1.6751
0.24907,0.31749
5.1151,2.0085
1.3171,3.659
1.0107,-4.5291
-1.2089,1.1706
-0.64122,-0.084225
-0.26086,-2.1946
0.46431,3.4774
1.7289,-0.63214
0.60842,3.2893
1.8436,5.1328
0.29135,-5.7518
6.3712,-0.91638
2.6637,0.15828
1.034,3.4161
0.54441,4.0691
1.425,4.4949
0.31645,2.8004
1.3167,0.32068
2.3907,0.073144
2.1603,0.65267
-1.9677,1.2985
5.8065,-1.9307
3.1536,-0.19074
-1.8137,0.7309
1.5294,-0.5851
1.1586,-1.9486
1.0394,-1.8625
-1.2252,-3.8891
0.26051,3.2452
1.5505,-1.4454
-0.12428,-0.56164
-0.91304,-2.758
-1.3357,-3.6413
5.5196,-2.5287
4.5948,-1.5629
6.26,-0.77202
3.3772,6.376
-0.94827,-1.7297
-0.14844,0.11257
1.2818,-5.4543
4.2677,3.0338
2.6314,-0.27526
4.5883,1.6778
-1.6597,-1.2838
1.3937,1.285
2.6593,0.38992
6.1572,-0.076635
2.0165,5.412
3.1952,6.0685
6.9653,0.41858
5.0212,3.4617
4.1724,1.3361
4.4408,-1.6951
3.7409,-1.6872
3.204,1.701
3.2372,5.5043
1.3232,-0.80831
1.4186,4.2613
3.0726,5.631
1.8655,4.1428
1.7451,-0.40674
0.30099,-3.7179
-0.476,-2.1699
6.6362,-0.58454
1.3966,-0.10934
0.92933,0.79631
3.5231,-2.7418
0.19389,-0.36027
-0.096192,3.2763
4.4117,-1.2807
6.4623,-2.0156
4.9927,0.90395
1.2147,-1.7862
3.9066,1.5077
2.1139,1.1552
1.4174,0.27562
4.2887,3.1918
0.55985,3.5413
6.4254,1.2859
3.5294,-2.0949
-0.50771,2.3464
1.1868,4.4725
-1.3688,-1.1802
4.7544,2.3371
-0.39799,-3.3633
1.4051,0.39111
3.0293,0.090388
1.5797,4.2482
1.5589,0.022732
1.8335,0.10809
2.5126,0.61405
0.40502,0.52908
5.8802,-0.71407
2.9447,-0.37676
2.3922,-0.43031
5.7146,2.5055
-0.0067343,0.088654
2.5588,-0.78274
-0.46186,-2.5801
5.9728,-1.4153
2.7122,5.3107
2.1392,-0.1561
3.1502,6.2413
4.9682,-0.55329
0.52378,-1.2438
-0.39399,-4.6291
4.9553,-1.4973
3.1558,6.6234
0.15161,-4.7481
5.1728,-3.4379
4.6861,0.34634
-0.69314,-1.6013
-1.7673,-1.8326
0.84923,4.3254
5.2913,-1.384
-2.4372,1.1715
6.3405,1.6463
0.69441,-0.73851
4.8119,-3.5179
2.5642,0.37522
4.5333,0.87581
2.2159,1.0844
6.14,1.8651
0.11106,3.6003
0.29362,-0.67802
1.6396,-1.5068
1.2393,-1.4153
4.9862,1.5331
3.9787,-2.5018
1.2445,3.7652
0.2902,-1.0692
-0.14835,-2.631
5.7563,-0.1286
2.4382,-0.12627
6.1171,1.4249
3.8914,1.4992
4.1616,-3.0064
4.6952,-2.2301
1.4543,-1.0841
6.0679,0.28058
2.5628,5.9986
4.312,-3.2568
-0.45474,2.979
4.4292,-2.0713
3.6729,1.8693
4.3674,1.0565
4.1843,-1.549
1.6184,-0.12486
1.4289,4.179
0.73622,-4.4493
-0.33888,-0.014092
1.3921,1.7548
1.8335,4.649
-0.84966,-1.845
1.5874,4.7759
3.6165,-3.3191
0.46132,-0.69493
3.5701,-1.8668
6.2352,0.04045
2.5565,5.9762
1.5821,1.7946
5.2364,-1.4711
3.4663,3.5898
4.2828,3.6899
-0.2001,-2.7327
3.2941,6.5287
-0.60745,-3.9785
0.89867,-5.2253
0.4022,0.5173
0.70708,-4.0772
-0.62878,-3.2578
1.9384,4.7457
2.8329,5.5564
1.6675,0.2565
0.74718,4.3928
-0.55184,2.5011
5.2978,0.0051006
4.9709,-0.29066
2.3334,-0.78992
5.0651,0.74469
-2.19,1.0856
0.36605,-0.57931
-1.7081,-2.9726
0.56594,-0.43865
2.3265,-0.40996
-1.7868,-2.8873
0.70038,0.49805
0.1167,3.7225
-0.19152,-4.2936
2.7762,6.0754
0.74956,-3.9953
4.7372,-3.5218
5.1081,0.62522
1.4349,4.0102
-0.16625,3.0516
3.222,6.6631
1.4388,-1.2845
5.7766,-0.99302
2.1451,5.711
4.4515,-1.2198
-1.0386,2.1885
6.6592,0.091864
1.548,5.0027
1.4604,0.84074
2.013,5.5731
2.3707,5.0081
-0.63429,-3.4286
0.9308,3.9565
-1.2597,-2.3919
1.6215,0.10391
6.2945,1.6667
-1.0929,2.2859
4.4182,3.2283
0.30891,-3.4295
4.7399,2.2666
5.3224,1.7757
-0.55995,-4.0961
5.2975,0.79469
4.2366,-2.6066
0.28508,-5.7474
4.5327,-2.1098
0.1221,-2.6071
1.6109,-0.21238
-0.39658,-5.1193
-1.3654,-3.6753
5.5019,0.28629
-1.5302,-2.4192
5.5072,0.311
2.4152,-0.76275
5.3996,2.238
-0.32196,-3.187
0.64815,0.49754
-0.60772,2.0155
2.8159,0.093712
-0.3241,2.8827
5.6039,-0.91054
0.97406,-4.0725
5.5864,-2.501
-0.23421,2.8127
-0.44552,3.1996
0.69203,-5.6037
1.271,0.95744
1.5079,1.0934
-1.8212,-2.9306
3.477,-2.2602
3.561,3.3521
5.2738,2.1219
0.28405,-5.1444
4.6645,-1.0542
-1.869,-1.3286
-0.92173,2.335
2.9868,6.4405
0.88037,-3.8388
4.5938,2.3659
3.5012,-1.9383
0.77434,-0.90132
1.3958,1.7441
7.0109,1.0764
4.3239,3.4251
-0.30182,-0.43944
3.0394,5.3543
-0.552,-0.20739
-1.9713,0.89136
-1.157,-4.1698
3.9979,1.5307
0.22305,-3.3628
6.3246,1.8518
-0.055415,-4.8125
3.324,6.4945
0.4267,0.87507
-0.94188,-1.5056
5.5126,3.184
-2.0193,1.172
4.8189,1.6985
1.3522,0.30162
1.0604,-0.9309
1.1244,0.067133
-0.84156,-3.8223
-1.7523,-2.322
-1.027,-2.5432
2.0968,0.33969
-0.59316,-3.3522
4.6956,1.8017
-1.8371,1.4446
4.6033,-1.8564
6.9732,-1.0289
2.46,-0.29427
3.4679,3.3237
0.16079,3.2156
1.2289,-0.36604
3.3226,3.0929
4.531,-0.88596
-1.4166,-3.265
1.546,0.043914
4.8836,2.5142
5.2976,-0.71036
-2.0703,-1.2641
2.3705,0.81848
-0.073609,-3.536
-0.18908,2.5809
5.0943,0.72077
3.0703,0.23666
4.9579,0.10908
4.5644,-1.4512
4.8463,-0.75221
5.1081,3.2504
0.58865,3.2386
0.35932,3.1872
-0.80415,2.7444
2.7481,5.5038
3.2603,1.5487
3.246,1.8956
1.4988,-2.0191
1.6088,1.1897
3.2905,-2.2547
-0.242,-4.2096
3.4077,2.2709
-0.61336,2.9755
0.8607,0.57526
4.6765,-1.1591
5.5131,-0.83483
1.56,-1.321
5.9997,-0.40329
0.16302,-5.4273
0.60926,3.481
1.3537,0.69336
-0.16906,3.1725
0.62764,-4.427
-0.37514,-0.40352
-1.7706,-2.576
-1.5271,2.0457
-1.2818,1.4335
6.4285,2.3034
5.58,1.7188
4.2296,3.8618
0.2134,-4.6668
5.8708,0.2219
0.62274,-5.6266
0.6006,0.57258
-1.1652,-2.9828
0.7371,-4.3369
1.6011,5.0604
-1.4325,-2.9833
1.3963,-1.9305
2.4278,0.30491
4.1022,1.5527
1.326,0.4235
1.1576,-1.2109
5.2662,-0.0036689
-0.60835,2.6471
-1.6897,-3.2417
0.71004,0.23614
-1.4408,1.4775
-0.29018,0.16936
4.6456,-1.9752
-1.1758,1.2618
0.82986,0.1526
2.7944,5.6859
6.0872,-0.61062
0.35466,-4.8328
5.2542,-3.0807
5.2564,0.89038
1.5562,1.6362
0.39385,-5.4509
2.0533,0.3924
1.7047,4.1715
-1.5094,-2.04
1.6249,0.94025
-0.48988,-4.7509
-0.034723,-3.3259
0.04113,-0.3689
-0.43191,2.6171
-0.76374,-2.9421
0.68098,-0.82723
2.1652,-0.83391
3.5549,6.1831
5.282,0.1868
0.60527,4.0993
-1.1155,-4.3851
1.6731,-1.5177
3.0106,6.0951
-0.35516,-3.1006
1.6982,4.5337
1.9172,0.58388
0.084961,-5.1817
1.4231,3.6994
-0.65587,2.6774
3.2995,3.7199
6.6433,-1.5015
0.39186,-5.4646
-0.96489,1.9023
1.5666,0.64072
5.8763,2.066
6.1815,1.2178
1.0057,3.3554
3.0589,6.3432
5.3382,-1.0316
0.66135,-5.2244
5.917,-1.5189
1.039,0.88424
4.643,-3.6033
-1.5247,-1.0776
-0.074998,-2.1708
-0.87361,2.3041
0.22516,3.006
-0.48562,-2.6268
3.6206,3.3939
4.9504,-2.6692
-1.6917,1.0046
2.1591,5.2969
6.6787,1.2306
4.7367,2.2374
3.2537,-2.7348
4.7973,2.4637
3.2546,6.1872
3.6721,6.1328
2.2222,5.7071
1.3155,1.2597
-1.5593,-3.3583
1.6378,4.3666
2.8643,-0.13955
5.0357,1.3292
4.5758,-0.75765
1.1378,-0.28116
3.1898,6.0334
-1.3952,-2.7119
-0.2835,2.4724
0.052069,-2.9173
2.0944,-0.20565
-0.070953,3.5558
0.59798,0.47273
2.7705,-0.051011
-1.9106,-2.1614
-0.61575,-3.7194
2.6514,4.9875
1.6363,5.3004
3.9874,-2.0546
5.8291,1.6751
-0.62072,1.9467
6.1452,0.44268
-0.26723,-1.9942
6.2899,0.58642
6.6409,0.4448
0.87377,1.4081
1.6683,-0.40008
0.57713,3.5347
3.6183,3.9414
-1.9939,-1.7268
2.5971,-0.29056
4.3179,3.4718
4.9571,-0.5243
6.5616,-1.4428
-1.4844,1.7256
-1.4133,1.992
-0.26165,-3.6206
4.7667,-0.11224
-1.4928,-3.0022
-1.2433,-1.3801
1.0637,3.5561
0.67064,-3.5612
3.8581,3.4358
-1.7948,1.6933
1.3964,3.7021
1.3039,-1.5166
4.7925,2.3627
4.9452,-1.699
3.3381,-2.6442
-0.68671,-3.7161
3.6504,2.508
4.5606,2.0141
6.2207,-0.64063
3.4092,6.0777
-0.059666,-0.67794
-1.0358,2.2943
1.4245,4.7492
1.9913,-0.31948
-1.2373,1.6914
-0.50269,3.1676
-0.24208,0.36029
4.0264,-1.2644
1.8642,0.49011
3.4998,1.6769
2.2865,5.8535
-1.5928,-3.1946
3.3655,6.2464
-1.1548,-3.1887
-0.53144,0.12338
-0.97333,-2.0538
1.0243,0.19179
3.343,6.3528
3.873,-1.5367
4.5821,-3.7313
-0.031801,-4.4583
3.0959,5.441
1.1696,0.2116
2.5958,5.2754
5.1221,-0.32078
5.4766,-0.50756
-0.27583,2.1981
-0.0769,3.0067
1.9081,0.30785
0.9638,-5.0053
4.2858,-2.2707
2.2305,4.7904
0.90833,3.3248
0.42116,-3.9318
2.7125,-0.022617
0.8651,3.2507
-0.37858,-2.1179
0.6786,-4.3935
6.9845,0.21817
-0.6117,-4.2714
6.4901,1.0468
5.8971,2.6391
4.6752,1.8637
6.1199,2.6362
1.1563,1.7586
1.444,1.9415
2.7034,5.1621
2.9374,6.2631
6.76,-1.5815
-0.65575,-4.5438
-0.96827,-2.6191
0.39926,-3.5746
4.8731,-1.1252
4.2835,-3.6628
2.1187,-1.2896
-1.1569,-3.9856
-1.4307,-2.574
1.9711,4.6276
1.3498,-0.92891
-0.51395,2.9329
0.98614,-0.68918
-1.1456,-3.195
0.61259,-4.8536
4.7165,1.5443
-0.58545,-4.2655
4.8551,-2.4271
-1.7761,1.1584
-0.83058,-2.1082
-1.4844,-3.1048
2.8352,6.1692
1.304,4.7082
-0.48856,-5.1389
0.54359,3.0249
3.9151,-2.5316
5.3357,0.073793
-0.20036,3.3191
-1.0961,-2.1701
0.81675,0.87834
0.25655,-0.5373
-0.99306,1.6039
1.7354,1.2668
-0.60023,-3.258
5.4508,0.64371
4.6289,-1.5086
1.5817,-0.60654
3.3146,5.7776
3.8041,1.4925
6.2205,-0.5775
4.2839,-2.9909
3.8899,1.9704
4.5981,1.1191
-0.57903,-4.1041
